element,sp_num,obs_wl_vac(nm),unc_obs_wl,ritz_wl_vac(nm),unc_ritz_wl,intens,Aki(s^-1),Acc,Ei(eV),Ek(eV),conf_i,term_i,J_i,conf_k,term_k,J_k,Type,tp_ref,line_ref
K,19,,,0.256506698,0.000000003,,1.5973e+12,AA,0.00000,(4833.565723),1s,2S,1/2,7p,2P*,1/2,,T7771,
K,19,,,0.258449486,0.000000003,,2.5508e+12,AA,0.00000,(4797.231373),1s,2S,1/2,6p,2P*,1/2,,T7771,
K,19,,,0.261717910,0.000000003,,4.4725e+12,AA,0.00000,(4737.32190),1s,2S,1/2,5p,2P*,3/2,,T7771,
K,19,,,0.261739065,0.000000003,,4.4489e+12,AA,0.00000,(4736.93900),1s,2S,1/2,5p,2P*,1/2,,T7771,
K,19,,,0.267980394,0.000000004,,8.8717e+12,AA,0.00000,(4626.61452),1s,2S,1/2,4p,2P*,3/2,,T7771,
K,19,,,0.268023736,0.000000005,,8.8377e+12,AA,0.00000,(4625.86636),1s,2S,1/2,4p,2P*,1/2,,T7771,
K,19,,,0.282588679,0.000000007,,2.1754e+13,AA,0.00000,(4387.44393),1s,2S,1/2,3p,2P*,3/2,,T7771,
K,19,,,0.282702994,0.000000009,,2.1732e+13,AA,0.00000,(4385.66980),1s,2S,1/2,3p,2P*,1/2,,T7771,
K,18,0.300860,0.000011,0.3008645,0.0000003,,3.72e+13,,0.00000,(4120.931),1s2,1S,0,1s.3p,1P*,1,,T6456,L6540
K,18,0.30112,0.00005,0.3012174,0.0000003,,9.10e+11,,0.00000,(4116.104),1s2,1S,0,1s.3p,3P*,1,,T6456,L4466c7
K,17,0.30431,0.00005,0.30431,0.00009,13p,,,0.0000,4074.2,1s2.2s,2S,1/2,1s.2s.(1S).3p,2P*,"1/2,3/2",,,L4466c7
K,17,0.30608,0.00019,0.30608,0.00019,*,1.25e+13,,[33.9082],4084.7,1s2.2p,2P*,1/2,1s.2p.(3P*).3p,2D,3/2,,T5076,L10003
K,17,0.30608,0.00005,0.30608,0.00019,*,1.05e+13,,[33.9082],4084.7,1s2.2p,2P*,1/2,1s.2s.(1S).3d,2D,3/2,,T5076,L10003
K,17,0.30608,0.00019,0.30608,0.00019,*,3.12e+13,,[37.9426],4088.6,1s2.2p,2P*,3/2,1s.2p.(3P*).3p,2D,5/2,,T5076,L10003
K,17,0.30672,0.00005,0.30657,0.00009,9*,,,[33.9082],4078.1,1s2.2p,2P*,1/2,1s.2p.(3P*).3p,2P,"1/2,3/2",,,L4466c7
K,17,0.30672,0.00005,0.30688,0.00009,9*,,,[37.9426],4078.1,1s2.2p,2P*,3/2,1s.2p.(3P*).3p,2P,"1/2,3/2",,,L4466c7
K,17,0.30742,0.00005,0.30727,0.00009,9*,,,[33.9082],4068.9,1s2.2p,2P*,1/2,1s.2s.(3S).3d,2D,"3/2,5/2",,,L4466c7
K,17,0.30742,0.00005,0.30758,0.00009,9*,,,[37.9426],4068.9,1s2.2p,2P*,3/2,1s.2s.(3S).3d,2D,"3/2,5/2",,,L4466c7
K,19,,,0.334668919,0.000000006,,8.1275e+13,AA,0.00000,(3704.68219),1s,2S,1/2,2p,2P*,3/2,,T7771,
K,19,,,0.335210554,0.000000006,,8.1824e+13,AA,0.00000,(3698.69614),1s,2S,1/2,2p,2P*,1/2,,T7771,
K,18,0.353195,0.000012,0.35318486,0.00000003,,1.33e+14,,0.00000,(3510.46183),1s2,1S,0,1s.2p,1P*,1,,T6910,L10223
K,17,0.35360,0.00005,0.35354,0.00013,*,,,592.35,4099.3,1s2.3p,2P*,1/2,1s.2p.(1P*).3p,2P,"1/2,3/2",,,L2560c7
K,17,0.35360,0.00005,0.35363,0.00013,*,,,593.25,4099.3,1s2.3p,2P*,3/2,1s.2p.(1P*).3p,2P,"1/2,3/2",,,L2560c7
K,17,0.35418,0.00007,0.3542181,0.0000019,,,,[33.9082],(3534.130),1s2.2p,2P*,1/2,1s.2p2,2S,1/2,,,"L22456,L2560c164"
K,18,0.354595,0.000005,0.35459579,0.00000003,,4.91e+08,,0.00000,(3496.49385),1s2,1S,0,1s.2p,3P*,2,,T6910,L6608
K,17,0.35463,0.00007,0.3546269,0.0000019,,,,[37.9426],(3534.130),1s2.2p,2P*,3/2,1s.2p2,2S,1/2,,,"L22456,L2560c164"
K,17,0.35491,0.00007,0.3547620,0.0000016,13g*,,,0.0000,(3494.855),1s2.2s,2S,1/2,1s.(2S).2s.2p.(1P*),2P*,3/2,,,"L22456,L2560c164"
K,17,0.35491,0.00007,0.3548489,0.0000018,13g*,,,0.0000,(3494.000),1s2.2s,2S,1/2,1s.(2S).2s.2p.(1P*),2P*,1/2,,,"L22456,L2560c164"
K,18,0.354950,0.000005,0.35495312,0.00000003,,2.98e+12,,0.00000,(3492.97388),1s2,1S,0,1s.2p,3P*,1,,T6910,L6608
K,17,,,0.3558762,0.0000014,,,,[33.9082],(3517.822),1s2.2p,2P*,1/2,1s.2p2,2P,3/2,,,
K,17,0.35621,0.00011,0.3559147,0.0000015,g*,,,0.0000,(3483.537),1s2.2s,2S,1/2,1s.(2S).2s.2p.(3P*),2P*,3/2,,,"L22456,L2560c164"
K,17,0.35621,0.00011,0.3561335,0.0000015,g*,,,0.0000,(3481.397),1s2.2s,2S,1/2,1s.(2S).2s.2p.(3P*),2P*,1/2,,,"L22456,L2560c164"
K,17,0.35621,0.00011,0.3562888,0.0000014,*,,,[37.9426],(3517.822),1s2.2p,2P*,3/2,1s.2p2,2P,3/2,,,"L22456,L2560c164"
K,17,0.35621,0.00011,0.3562980,0.0000014,*,,,[33.9082],(3513.697),1s2.2p,2P*,1/2,1s.2p2,2P,1/2,,,"L22456,L2560c164"
K,17,0.35664,0.00007,0.3566320,0.0000017,,,,[33.9082],(3510.439),1s2.2p,2P*,1/2,1s.2p2,2D,3/2,,,"L22456,L2560c164"
K,17,,,0.3567116,0.0000014,,,,[37.9426],(3513.697),1s2.2p,2P*,3/2,1s.2p2,2P,1/2,,,
K,17,0.35702,0.00007,0.3570162,0.0000017,*,,,[37.9426],(3510.732),1s2.2p,2P*,3/2,1s.2p2,2D,5/2,,,"L22456,L2560c164"
K,17,0.35702,0.00007,0.3570463,0.0000017,*,,,[37.9426],(3510.439),1s2.2p,2P*,3/2,1s.2p2,2D,3/2,,,"L22456,L2560c164"
K,17,,,0.3581930,0.0000013,,,,[33.9082],(3495.288),1s2.2p,2P*,1/2,1s.2p2,4P,5/2,,,
K,17,,,0.3585299,0.0000015,,,,0.0000,(3458.128),1s2.2s,2S,1/2,1s.(2S).2s.2p.(3P*),4P*,5/2,,,
K,17,0.35887,0.00016,0.3583929,0.0000013,*,,,[33.9082],(3493.358),1s2.2p,2P*,1/2,1s.2p2,4P,3/2,,,"L22456,L2560c164"
K,17,0.35887,0.00016,0.3585809,0.0000013,*,,,[33.9082],(3491.544),1s2.2p,2P*,1/2,1s.2p2,4P,1/2,,,"L22456,L2560c164"
K,17,0.35887,0.00016,0.3586110,0.0000013,*,,,[37.9426],(3495.288),1s2.2p,2P*,3/2,1s.2p2,4P,5/2,,,"L22456,L2560c164"
K,17,0.35887,0.00016,0.3588107,0.0000015,g*,,,0.0000,(3455.421),1s2.2s,2S,1/2,1s.(2S).2s.2p.(3P*),4P*,3/2,,,"L22456,L2560c164"
K,17,0.35887,0.00016,0.3588113,0.0000013,*,,,[37.9426],(3493.358),1s2.2p,2P*,3/2,1s.2p2,4P,3/2,,,"L22456,L2560c164"
K,17,0.35887,0.00016,0.3589225,0.0000015,g*,,,0.0000,(3454.345),1s2.2s,2S,1/2,1s.(2S).2s.2p.(3P*),4P*,1/2,,,"L22456,L2560c164"
K,17,0.35887,0.00016,0.3589998,0.0000013,*,,,[37.9426],(3491.544),1s2.2p,2P*,3/2,1s.2p2,4P,1/2,,,"L22456,L2560c164"
K,17,,,0.363373,0.000003,,,,[33.9082],(3445.944),1s2.2p,2P*,1/2,1s.2s2,2S,1/2,,,
K,17,,,0.363803,0.000003,,,,[37.9426],(3445.944),1s2.2p,2P*,3/2,1s.2s2,2S,1/2,,,
K,19,,,1.09249297,0.00000005,,2.0155e+10,AA,(3698.69614),(4833.570254),2p,2P*,1/2,7s,2S,1/2,,T7771,
K,19,,,1.09268089,0.00000005,,2.3607e+11,AA,(3698.88679),(4833.565723),2s,2S,1/2,7p,2P*,1/2,,T7771,
K,19,,,1.09828603,0.00000005,,4.1782e+10,AA,(3704.68219),(4833.570254),2p,2P*,3/2,7s,2S,1/2,,T7771,
K,19,,,1.12862459,0.00000006,,3.2310e+10,AA,(3698.69614),(4797.238556),2p,2P*,1/2,6s,2S,1/2,,T7771,
K,19,,,1.12882787,0.00000006,,3.7572e+11,AA,(3698.88679),(4797.231373),2s,2S,1/2,6p,2P*,1/2,,T7771,
K,19,,,1.13480826,0.00000006,,6.6990e+10,AA,(3704.68219),(4797.238556),2p,2P*,3/2,6s,2S,1/2,,T7771,
K,19,,,1.19373393,0.00000006,,1.0396e+12,AA,(3698.69614),(4737.321208),2p,2P*,1/2,5d,2D,3/2,,T7771,
K,19,,,1.19395229,0.00000006,,6.4553e+11,AA,(3698.88679),(4737.32190),2s,2S,1/2,5p,2P*,3/2,,T7771,
K,19,,,1.19415913,0.00000008,,5.6674e+10,AA,(3698.69614),(4736.95139),2p,2P*,1/2,5s,2S,1/2,,T7771,
K,19,,,1.19439270,0.00000007,,6.5105e+11,AA,(3698.88679),(4736.93900),2s,2S,1/2,5p,2P*,1/2,,T7771,
K,19,,,1.20050657,0.00000006,,1.2296e+12,AA,(3704.68219),(4737.447869),2p,2P*,3/2,5d,2D,5/2,,T7771,
K,19,,,1.20065383,0.00000006,,2.0388e+11,AA,(3704.68219),(4737.321208),2p,2P*,3/2,5d,2D,3/2,,T7771,
K,19,,,1.20108396,0.00000008,,1.1753e+11,AA,(3704.68219),(4736.95139),2p,2P*,3/2,5s,2S,1/2,,T7771,
K,19,,,1.33615605,0.00000007,,2.2716e+12,AA,(3698.69614),(4626.613197),2p,2P*,1/2,4d,2D,3/2,,T7771,
K,19,,,1.33642872,0.00000009,,1.2597e+12,AA,(3698.88679),(4626.61452),2s,2S,1/2,4p,2P*,3/2,,T7771,
K,19,,,1.33719745,0.00000016,,1.1345e+11,AA,(3698.69614),(4625.89054),2p,2P*,1/2,4s,2S,1/2,,T7771,
K,19,,,1.33750734,0.00000013,,1.2738e+12,AA,(3698.88679),(4625.86636),2s,2S,1/2,4p,2P*,1/2,,T7771,
K,19,,,1.34447089,0.00000007,,2.6905e+12,AA,(3704.68219),(4626.860570),2p,2P*,3/2,4d,2D,5/2,,T7771,
K,19,,,1.34483164,0.00000007,,4.4673e+11,AA,(3704.68219),(4626.613197),2p,2P*,3/2,4d,2D,3/2,,T7771,
K,19,,,1.34588662,0.00000016,,2.3542e+11,AA,(3704.68219),(4625.89054),2p,2P*,3/2,4s,2S,1/2,,T7771,
K,17,1.4715,0.0003,1.4715,0.0004,,7.01e+11,,[33.9082],876.48,1s2.2p,2P*,1/2,1s2.5d,2D,3/2,,T5593,L3840
K,17,1.4776,0.0003,1.4776,0.0004,*,8.35e+11,,[37.9426],877.04,1s2.2p,2P*,3/2,1s2.5d,2D,5/2,,T5593,L3840
K,17,1.4776,0.0003,1.4786,0.0004,*,1.4e+11,,[37.9426],876.48,1s2.2p,2P*,3/2,1s2.5d,2D,3/2,,T5593,L3840
K,17,1.5755,0.0003,1.5755,0.0003,13p*,8.24e+11,,0.0000,786.95,1s2.2s,2S,1/2,1s2.4p,2P*,3/2,,T5593,L3840
K,17,1.5755,0.0003,1.5755,0.0003,13p*,8.33e+11,,0.0000,786.95,1s2.2s,2S,1/2,1s2.4p,2P*,1/2,,T5593,L3840
K,17,1.6427,0.0003,1.6427,0.0003,,1.52e+12,,[33.9082],788.66,1s2.2p,2P*,1/2,1s2.4d,2D,3/2,,T5593,L3840
K,17,1.6497,0.0003,1.6497,0.0003,,1.81e+12,,[37.9426],789.49,1s2.2p,2P*,3/2,1s2.4d,2D,5/2,,T5593,L3840
K,19,,,1.80014751,0.00000013,,7.0853e+12,AA,(3698.69614),(4387.440803),2p,2P*,1/2,3d,2D,3/2,,T7771,
K,19,,,1.8006377,0.0000003,,2.9119e+12,AA,(3698.88679),(4387.44393),2s,2S,1/2,3p,2P*,3/2,,T7771,
K,19,,,1.8046385,0.0000007,,2.7798e+11,AA,(3698.69614),(4385.72681),2p,2P*,1/2,3s,2S,1/2,,T7771,
K,19,,,1.8052892,0.0000004,,2.9644e+12,AA,(3698.88679),(4385.66980),2s,2S,1/2,3p,2P*,1/2,,T7771,
K,19,,,1.81437261,0.00000013,,8.4269e+12,AA,(3704.68219),(4388.026935),2p,2P*,3/2,3d,2D,5/2,,T7771,
K,19,,,1.81593021,0.00000013,,1.4039e+12,AA,(3704.68219),(4387.440803),2p,2P*,3/2,3d,2D,3/2,,T7771,
K,19,,,1.8205004,0.0000007,,5.7831e+11,AA,(3704.68219),(4385.72681),2p,2P*,3/2,3s,2S,1/2,,T7771,
K,17,2.0889,0.0010,2.0899,0.0009,2,1.84e+12,,0.0000,593.25,1s2.2s,2S,1/2,1s2.3p,2P*,3/2,,T5593,L10665
K,17,2.0931,0.0010,2.0931,0.0009,1,1.87e+12,,0.0000,592.35,1s2.2s,2S,1/2,1s2.3p,2P*,1/2,,T5593,L10665
K,16,2.1737,0.0010,2.1737,0.0009,3,1.4e+12,,33.983,604.36,2s.2p,3P*,2,2p.3p,3D,3,,T4591,L2563
K,16,2.1911,0.0010,2.1911,0.0010,1,2.1e+12,,0.000,565.85,2s2,1S,0,2s.3p,1P*,1,,T4591,L2563
K,17,2.2020,0.0005,2.2020,0.0005,2,4.53e+12,,[33.9082],596.96,1s2.2p,2P*,1/2,1s2.3d,2D,3/2,,T5593,L1816
K,17,2.2163,0.0005,2.2163,0.0005,3,5.41e+12,,[37.9426],597.36,1s2.2p,2P*,3/2,1s2.3d,2D,5/2,,T5593,L1816
K,17,2.2573,0.0010,2.2573,0.0010,1,2.43e+11,,[33.9082],583.16,1s2.2p,2P*,1/2,1s2.3s,2S,1/2,,T6659,L10665
K,17,2.2741,0.0010,2.2740,0.0010,1,4.99e+11,,[37.9426],583.16,1s2.2p,2P*,3/2,1s2.3s,2S,1/2,,T6659,L10665
K,16,2.2813,0.0010,2.2813,0.0010,3,3.0e+12,,[31.3082],574.79,2s.2p,3P*,1,2s.3d,3D,2,,T4591,L2563
K,16,2.2921,0.0010,2.2921,0.0011,5,7.6e+12,,33.983,574.90,2s.2p,3P*,2,2s.3d,3D,3,,T4591,L2563
K,15,2.3146,0.0010,2.3146,0.0009,1,,,0.000,535.66,2s2.2p,2P*,1/2,2s.2p.(3P*).3p,2D,3/2,,,L2563
K,15,2.3180,0.0010,2.3180,0.0009,2,,,3.5976,538.48,2s2.2p,2P*,3/2,2s.2p.(3P*).3p,2D,5/2,,,L2563
K,16,2.327,0.0010,2.3268,0.0011,2,5.2e+12,,81.854,614.71,2p2,3P,1,2p.3d,3D*,2,,T4591,L2563
K,16,2.3315,0.0010,2.3315,0.0011,4,6.8e+12,,83.875,615.66,2p2,3P,2,2p.3d,3D*,3,,T4591,L2563
K,16,2.3399,0.0010,2.3399,0.0011,5,9.5e+12,,92.077,621.94,2p2,1D,2,2p.3d,1F*,3,,T4591,L2563
K,15,2.3588,0.0010,2.3588,0.0009,1,,,0.000,525.62,2s2.2p,2P*,1/2,2s.2p.(3P*).3p,2P,1/2,,,L2563
K,15,2.3633,0.0010,2.3633,0.0009,1,,,3.5976,528.22,2s2.2p,2P*,3/2,2s.2p.(3P*).3p,2P,3/2,,,L2563
K,16,2.384,0.0010,2.3842,0.0011,3bl,4.3e+12,,60.108,580.12,2s.2p,1P*,1,2s.3d,1D,2,,T4591,L2563
K,15,2.3981,0.0010,2.3981,0.0010,3,,,55.236,572.25,2s.2p2,2D,5/2,2s.2p.(1P*).3d,2F*,7/2,,,L2563
K,15,2.413,0.0010,2.4130,0.0010,6,,,33.996+x,547.81+x,2s.2p2,4P,5/2,2s.2p.(3P*).3d,4P*,5/2,,,L2563
K,15,2.420,0.0010,2.4200,0.0010,8*,3.51e+12,,0.000,512.33,2s2.2p,2P*,1/2,2s2.3d,2D,3/2,,T6016,L2563
K,15,2.420,0.0010,2.4200,0.0010,8*,,,33.996+x,546.32+x,2s.2p2,4P,5/2,2s.2p.(3P*).3d,4D*,7/2,,,L2563
K,15,2.4328,0.0010,2.4328,0.0010,8,4.19e+12,,3.5976,513.23,2s2.2p,2P*,3/2,2s2.3d,2D,5/2,,T6016,L2563
K,15,2.477,0.0010,2.4770,0.0010,2,,,74.276,574.82,2s.2p2,2P,3/2,2s.2p.(1P*).3d,2D*,5/2,,,L2563
K,15,2.4889,0.0010,2.4889,0.0011,3,,,55.236,553.38,2s.2p2,2D,5/2,2s.2p.(3P*).3d,2F*,7/2,,,L2563
K,15,2.4946,0.0010,2.4946,0.0011,2,,,55.044,552.05,2s.2p2,2D,3/2,2s.2p.(3P*).3d,2F*,5/2,,,L2563
K,15,2.5265,0.0010,2.5265,0.0011,2,,,55.236,545.98,2s.2p2,2D,5/2,2s.2p.(3P*).3d,2D*,5/2,,,L2563
K,14,2.5700,0.0010,2.5700,0.0011,4,3.60e+12,,3.4995,485.93,2s2.2p2,3P,2,2s2.2p.3d,3P*,2,,T5052,L2563
K,14,2.5750,0.0010,2.5750,0.0011,5,5.68e+12,,3.4995,484.99,2s2.2p2,3P,2,2s2.2p.3d,3D*,3,,T5052,L2563
K,14,2.5818,0.0010,2.5821,0.0011,,1.80e+10,,3.4995,483.66,2s2.2p2,3P,2,2s2.2p.3d,3D*,2,,T5052,L4777
K,14,2.5909,0.0010,2.5909,0.0011,7,7.61e+12,,11.8927,490.43,2s2.2p2,1D,2,2s2.2p.3d,1F*,3,,T5052,L2563
K,14,2.6018,0.0010,2.6018,0.0011,,3.60e+11,,3.4995,480.03,2s2.2p2,3P,2,2s2.2p.3d,3F*,3,,T5052,L4777
K,14,2.6284,0.0010,2.6281,0.0011,,3.67e+11,,11.8927,483.66,2s2.2p2,1D,2,2s2.2p.3d,3D*,2,,T5052,L4777
K,14,2.6465,0.0010,2.6465,0.0011,,4.43e+12,,22.183,490.67,2s2.2p2,1S,0,2s2.2p.3d,1P*,1,,T5052,L4777
K,14,2.6591,0.0010,2.6591,0.0011,,3.09e+11,,11.8927,478.16,2s2.2p2,1D,2,2s2.2p.3d,3F*,2,,T5052,L4777
K,14,2.6816,0.0010,2.6816,0.0010,2,,,57.157,519.51,2s.(2S).2p3.(2D*),3D*,3,2s.2p2.(4P).3d,3F,4,,,L2563
K,13,2.7337,0.0010,2.7337,0.0007,8bl,,,0.0000,453.53,2s2.2p3,4S*,3/2,2s2.2p2.(3P).3d,4P,3/2,,,L2563
K,13,2.7384,0.0010,2.7384,0.0007,8,,,0.0000,452.77,2s2.2p3,4S*,3/2,2s2.2p2.(3P).3d,4P,5/2,,,L2563
K,13,2.744,0.0010,2.7440,0.0008,2bl,,,13.1075,464.94,2s2.2p3,2D*,5/2,2s2.2p2.(1D).3d,2P,3/2,,,L2563
K,13,2.7507,0.0010,2.7492,0.0008,3,,,12.4677,463.45,2s2.2p3,2D*,3/2,2s2.2p2.(1D).3d,2F,5/2,,,L2563
K,13,2.753,0.0010,2.7531,0.0008,3bl,,,13.1075,463.45,2s2.2p3,2D*,5/2,2s2.2p2.(1D).3d,2F,5/2,,,L2563
K,13,2.7586,0.0010,2.7586,0.0008,9,,,13.1075,462.55,2s2.2p3,2D*,5/2,2s2.2p2.(1D).3d,2F,7/2,,,L2563
K,19,,,2.7681195,0.0000008,,1.3719e+10,AA,(4385.66980),(4833.570254),3p,2P*,1/2,7s,2S,1/2,,T7771,
K,19,,,2.7684999,0.0000015,,7.9229e+10,AA,(4385.72681),(4833.565723),3s,2S,1/2,7p,2P*,1/2,,T7771,
K,19,,,2.7791276,0.0000006,,2.8335e+10,AA,(4387.44393),(4833.570254),3p,2P*,3/2,7s,2S,1/2,,T7771,
K,19,,,2.77913636,0.00000008,,6.4067e+09,AA,(4387.440803),(4833.565723),3d,2D,3/2,7p,2P*,1/2,,T7771,
K,13,2.7835,0.0010,2.7795,0.0008,2bl*,,,12.4677,458.53,2s2.2p3,2D*,3/2,2s2.2p2.(3P).3d,2D,5/2,,,L2563
K,13,2.7835,0.0010,2.7835,0.0008,2bl*,,,13.1075,458.53,2s2.2p3,2D*,5/2,2s2.2p2.(3P).3d,2D,5/2,,,L2563
K,13,2.8012,0.0010,2.8012,0.0008,4,,,20.8409,463.45,2s2.2p3,2P*,3/2,2s2.2p2.(1D).3d,2F,5/2,,,L2563
K,13,2.8160,0.0010,2.8160,0.0008,4,,,13.1075,453.40,2s2.2p3,2D*,5/2,2s2.2p2.(3P).3d,2F,7/2,,,L2563
K,13,2.8327,0.0010,2.8327,0.0008,5,,,19.9181,457.60,2s2.2p3,2P*,1/2,2s2.2p2.(3P).3d,2D,3/2,,,L2563
K,13,2.8958,0.0010,2.8958,0.0008,2,,,20.8409,449.00,2s2.2p3,2P*,3/2,2s2.2p2.(3P).3d,2P,3/2,,,L2563
K,12,2.9168,0.0010,2.9168,0.0009,4,1.18e+12,,0.000,425.07,2s2.2p4,3P,2,2s2.2p3.(2P*).3d,3D*,3,,T4919,L2563
K,12,2.9342,0.0010,2.9342,0.0009,4,2.00e+12,,2.3488,424.89,2s2.2p4,3P,1,2s2.2p3.(2P*).3d,3D*,1,,T4919,"L2563,L3922"
K,12,2.9367,0.0010,2.9367,0.0009,4,1.31e+10,,0.000,422.19,2s2.2p4,3P,2,2s2.2p3.(2P*).3d,3P*,2,,T7370,L2563
K,12,2.943,0.0010,2.9379,0.0009,3p,2.17e+12,,2.8773,424.89,2s2.2p4,3P,0,2s2.2p3.(2P*).3d,3D*,1,,T4919,L2563
K,12,2.953,0.0010,2.9526,0.0009,2bl*,8.24e+11,,2.8773,422.79,2s2.2p4,3P,0,2s2.2p3.(2P*).3d,3P*,1,,T4919,"L2563,L3922"
K,12,2.953,0.0010,2.9531,0.0009,2bl*,1.90e+11,,2.3488,422.19,2s2.2p4,3P,1,2s2.2p3.(2P*).3d,3P*,2,,T4919,"L2563,L3922"
K,12,2.9559,0.0010,2.9559,0.0009,3,3.07e+12,,0.000,419.45,2s2.2p4,3P,2,2s2.2p3.(2D*).3d,3S*,1,,T4919,L2563
K,10,2.9588,0.0005,2.9588,0.0006,0,,,0.000,419.03,2s2.2p6,1S,0,2s2.2p5.(2P*<1/2>).4d,2[3/2]*,1,,,L7409
K,12,2.9667,0.0010,2.9667,0.0010,4,3.85e+12,,0.000,417.91,2s2.2p4,3P,2,2s2.2p3.(2D*).3d,3P*,2,,T4919,"L2563,L3922"
K,12,2.9735,0.0010,2.9734,0.0014,7bl*,5.50e+12,,9.86753,426.84,2s2.2p4,1D,2,2s2.2p3.(2P*).3d,1F*,3,,T4919,"L2563,L3922"
K,12,2.9735,0.0010,2.9735,0.0014,7bl*,3.25e+12,,0.000,416.96,2s2.2p4,3P,2,2s2.2p3.(2D*).3d,3D*,3,,T4919,"L2563,L3922"
K,10,2.9794,0.0005,2.9794,0.0006,0,,,0.000,416.14,2s2.2p6,1S,0,2s2.2p5.(2P*<3/2>).4d,2[3/2]*,1,,,L7409
K,12,2.9921,0.0010,2.9921,0.0009,5,2.32e+12,,2.3488,416.72,2s2.2p4,3P,1,2s2.2p3.(2D*).3d,3D*,2,,T4919,L2563
K,12,2.9986,0.0010,2.9986,0.0009,4,3.49e+11,,2.8773,416.35,2s2.2p4,3P,0,2s2.2p3.(2D*).3d,3D*,1,,T4919,L2563
K,19,,,3.0124784,0.0000009,,2.2252e+10,AA,(4385.66980),(4797.238556),3p,2P*,1/2,6s,2S,1/2,,T7771,
K,19,,,3.0129483,0.0000018,,1.2566e+11,AA,(4385.72681),(4797.231373),3s,2S,1/2,6p,2P*,1/2,,T7771,
K,12,3.0151,0.0010,3.0150,0.0009,2,2.01e+12,,9.86753,421.09,2s2.2p4,1D,2,2s2.2p3.(2D*).3d,1F*,3,,T4919,L2563
K,12,3.0202,0.0010,3.0200,0.0009,2,5.23e+12,,20.1953,430.73,2s2.2p4,1S,0,2s2.2p3.(2P*).3d,1P*,1,,T4919,L3922
K,19,,,3.0255204,0.0000008,,4.5971e+10,AA,(4387.44393),(4797.238556),3p,2P*,3/2,6s,2S,1/2,,T7771,
K,19,,,3.02555030,0.00000019,,1.0811e+10,AA,(4387.440803),(4797.231373),3d,2D,3/2,6p,2P*,1/2,,T7771,
K,12,3.0351,0.0010,3.0351,0.0009,3,1.23e+12,,9.86753,418.37,2s2.2p4,1D,2,2s2.2p3.(2D*).3d,1D*,2,,T4919,L2563
K,12,3.0571,0.0010,3.0571,0.0009,7,1.40e+12,,0.000,405.56,2s2.2p4,3P,2,2s2.2p3.(4S*).3d,3D*,3,,T4919,L2563
K,12,3.0800,0.0010,3.0800,0.0009,3,8.62e+11,,2.3488,404.90,2s2.2p4,3P,1,2s2.2p3.(4S*).3d,3D*,2,,T4919,L2563
K,10,3.0887,0.0005,3.0887,0.0006,0,6.34e+11,,0.000,401.41,2s2.2p6,1S,0,2s.2p6.3p,1P*,1,,T6036,L7409
K,10,3.0937,0.0005,3.0937,0.0006,00,,,0.000,400.77,2s2.2p6,1S,0,2s2.2p5.(2P*<1/2>).4s,2[1/2]*,1,,,L7409
K,10,3.1062,0.0005,3.1062,0.0006,00,1.60e+10,,0.000,399.15,2s2.2p6,1S,0,2s.2p6.3p,3P*,1,,T6036,L7409
K,10,3.1200,0.0005,3.1200,0.0006,00,,,0.000,397.38,2s2.2p6,1S,0,2s2.2p5.(2P*<3/2>).4s,2[3/2]*,1,,,L7409
K,11,3.1457,0.0010,3.1455,0.0010,1,4.96e+10,,0.000,394.16,2s2.2p5,2P*,3/2,2s2.2p4.(1S).3d,2D,3/2,,T6437,L2181
K,11,3.1483,0.0010,3.1483,0.0010,10,4.72e+11,,0.000,393.81,2s2.2p5,2P*,3/2,2s2.2p4.(1S).3d,2D,5/2,,T6437,L2181
K,11,3.1688,0.0010,3.1690,0.0003,9,1.17e+12,,2.9130,394.16,2s2.2p5,2P*,1/2,2s2.2p4.(1S).3d,2D,3/2,,T6437,L2181
K,11,3.2099,0.0010,3.2099,0.0011,10,3.48e+11,,0.000,386.26,2s2.2p5,2P*,3/2,2s2.2p4.(1D).3d,2D,3/2,,T6437,L2181
K,11,3.2178,0.0010,3.2178,0.0011,20,3.10e+12,,0.000,385.31,2s2.2p5,2P*,3/2,2s2.2p4.(1D).3d,2D,5/2,,T6437,L2181
K,11,3.2278,0.0010,3.2278,0.0011,8,8.76e+10,,0.000,384.12,2s2.2p5,2P*,3/2,2s2.2p4.(1D).3d,2F,5/2,,T6437,L2181
K,11,3.2318,0.0010,3.2317,0.0011,10,2.30e+12,,0.000,383.64,2s2.2p5,2P*,3/2,2s2.2p4.(1D).3d,2S,1/2,,T6437,L2181
K,11,3.2341,0.0010,3.2343,0.0003,18,2.80e+12,,2.9130,386.26,2s2.2p5,2P*,1/2,2s2.2p4.(1D).3d,2D,3/2,,T6437,L2181
K,11,3.2421,0.0010,3.2421,0.0003,8,4.30e+11,,2.9130,385.33,2s2.2p5,2P*,1/2,2s2.2p4.(1D).3d,2P,3/2,,T6437,L2181
K,11,3.2563,0.0010,3.2565,0.0003,6,7.47e+11,,2.9130,383.64,2s2.2p5,2P*,1/2,2s2.2p4.(1D).3d,2S,1/2,,T6437,L2181
K,11,3.2808,0.0010,3.2808,0.0011,20,1.35e+12,,0.000,377.90,2s2.2p5,2P*,3/2,2s2.2p4.(3P).3d,2D,5/2,,T6437,L2181
K,11,3.2956,0.0010,3.2955,0.0011,10*,5.11e+11,,0.000,376.22,2s2.2p5,2P*,3/2,2s2.2p4.(3P).3d,2D,3/2,,T6437,L2181
K,11,3.2956,0.0010,3.2957,0.0011,10*,1.39e+11,,0.000,376.21,2s2.2p5,2P*,3/2,2s2.2p4.(3P).3d,2F,5/2,,T6437,L2181
K,11,3.3012,0.0010,3.3012,0.0011,10,9.90e+10,,0.000,375.57,2s2.2p5,2P*,3/2,2s2.2p4.(3P).3d,4P,5/2,,T6437,L2181
K,11,3.3028,0.0010,3.3027,0.0011,2,1.49e+11,,0.000,375.40,2s2.2p5,2P*,3/2,2s2.2p4.(3P).3d,2P,1/2,,T6437,L2181
K,11,3.3087,0.0010,3.2816,0.0011,10,2.04e+10,,0.000,(377.82),2s2.2p5,2P*,3/2,2s2.2p4.(3P).3d,2P,3/2,,T6437,L2181
K,11,3.3107,0.0010,3.3107,0.0011,8,1.08e+11,,0.000,374.49,2s2.2p5,2P*,3/2,2s2.2p4.(3P).3d,4F,5/2,,T6437,L2181
K,11,3.3134,0.0010,3.3135,0.0011,3,8.99e+10,,0.000,374.18,2s2.2p5,2P*,3/2,2s2.2p4.(3P).3d,4P,1/2,,T6437,L2181
K,11,3.3211,0.0010,3.3213,0.0003,6,3.45e+11,,2.9130,376.22,2s2.2p5,2P*,1/2,2s2.2p4.(3P).3d,2D,3/2,,T6437,L2181
K,12,3.3237,0.0010,3.3237,0.0010,8,2.55e+11,,0.000,373.03,2s2.2p4,3P,2,2s2.2p3.(2D*).3s,3D*,3,,T4919,L2183
K,12,3.3276,0.0010,3.3276,0.0010,0,1.35e+11,,0.000,372.60,2s2.2p4,3P,2,2s2.2p3.(2D*).3s,3D*,2,,T4919,L2183
K,11,3.3285,0.0010,3.3286,0.0003,6,8.24e+10,,2.9130,375.40,2s2.2p5,2P*,1/2,2s2.2p4.(3P).3d,2P,1/2,,T6437,L2181
K,11,3.334,0.0010,3.3347,0.0003,4,2.06e+09,,2.9130,374.72,2s2.2p5,2P*,1/2,2s2.2p4.(3P).3d,4P,3/2,,T6437,L2181
K,12,3.3486,0.0010,3.3487,0.0010,8,1.23e+11,,2.3488,372.60,2s2.2p4,3P,1,2s2.2p3.(2D*).3s,3D*,2,,T4919,L2183
K,12,3.3547,0.0010,3.3547,0.0010,3,9.29e+10,,2.8773,372.46,2s2.2p4,3P,0,2s2.2p3.(2D*).3s,3D*,1,,T4919,L2183
K,12,3.3957,0.0010,3.3956,0.0010,4,6.21e+11,,9.86753,375.00,2s2.2p4,1D,2,2s2.2p3.(2D*).3s,1D*,2,,T4919,L2183
K,12,3.4126,0.0010,3.4125,0.0010,5,5.35e+11,,0.000,363.32,2s2.2p4,3P,2,2s2.2p3.(4S*).3s,3S*,1,,T4919,L2183
K,12,3.4200,0.0010,3.4198,0.0011,2,3.16e+11,,20.1953,382.74,2s2.2p4,1S,0,2s2.2p3.(2P*).3s,1P*,1,,T4919,L2183
K,12,3.4349,0.0010,3.4347,0.0011,3,2.66e+11,,2.3488,363.32,2s2.2p4,3P,1,2s2.2p3.(4S*).3s,3S*,1,,T4919,L2183
K,12,3.4393,0.0010,3.4397,0.0011,0,9.40e+10,,2.8773,363.32,2s2.2p4,3P,0,2s2.2p3.(4S*).3s,3S*,1,,T4919,L2183
K,19,,,3.5257700,0.0000012,,3.7084e+11,AA,(4385.66980),(4737.321208),3p,2P*,1/2,5d,2D,3/2,,T7771,
K,19,,,3.526335,0.000003,,2.1245e+11,AA,(4385.72681),(4737.32190),3s,2S,1/2,5p,2P*,3/2,,T7771,
K,19,,,3.5294818,0.0000013,,3.9712e+10,AA,(4385.66980),(4736.95139),3p,2P*,1/2,5s,2S,1/2,,T7771,
K,19,,,3.530179,0.000003,,2.1568e+11,AA,(4385.72681),(4736.93900),3s,2S,1/2,5p,2P*,1/2,,T7771,
K,10,3.5307,0.0004,3.5309,0.0004,4,3.51e+12,,0.000,351.1378,2s2.2p6,1S,0,2s2.2p5.(2P*<1/2>).3d,2[3/2]*,1,,T6036,L7409
K,19,,,3.54233648,0.00000006,,5.5520e+11,AA,(4387.440803),(4737.447640),3d,2D,3/2,5f,2F*,5/2,,T7771,
K,19,,,3.5423658,0.0000010,,4.4290e+11,AA,(4387.44393),(4737.447869),3p,2P*,3/2,5d,2D,5/2,,T7771,
K,19,,,3.5436095,0.0000003,,1.9593e+09,AA,(4387.440803),(4737.32190),3d,2D,3/2,5p,2P*,3/2,,T7771,
K,19,,,3.5436482,0.0000010,,7.3843e+10,AA,(4387.44393),(4737.321208),3p,2P*,3/2,5d,2D,3/2,,T7771,
K,19,,,3.5473977,0.0000011,,8.2103e+10,AA,(4387.44393),(4736.95139),3p,2P*,3/2,5s,2S,1/2,,T7771,
K,19,,,3.5474918,0.0000004,,2.0660e+10,AA,(4387.440803),(4736.93900),3d,2D,3/2,5p,2P*,1/2,,T7771,
K,19,,,3.54763684,0.00000006,,5.9259e+11,AA,(4388.026935),(4737.510842),3d,2D,5/2,5f,2F*,7/2,,T7771,
K,19,,,3.54827853,0.00000006,,3.9396e+10,AA,(4388.026935),(4737.447640),3d,2D,5/2,5f,2F*,5/2,,T7771,
K,19,,,3.5495558,0.0000003,,1.7915e+10,AA,(4388.026935),(4737.32190),3d,2D,5/2,5p,2P*,3/2,,T7771,
K,11,3.5563,0.0010,3.5564,0.0013,4,9.00e+10,,0.000,348.62,2s2.2p5,2P*,3/2,2s2.2p4.(1S).3s,2S,1/2,,T6437,L2181
K,10,3.5779,0.0004,3.5781,0.0004,2,3.13e+11,,0.000,346.5098,2s2.2p6,1S,0,2s2.2p5.(2P*<3/2>).3d,2[3/2]*,1,,T6036,L7409
K,11,3.5865,0.0010,3.5864,0.0003,4,9.81e+10,,2.9130,348.62,2s2.2p5,2P*,1/2,2s2.2p4.(1S).3s,2S,1/2,,T6437,L2181
K,10,3.6229,0.0004,3.6231,0.0004,1,1.04e+10,,0.000,[342.207],2s2.2p6,1S,0,2s2.2p5.(2P*<3/2>).3d,2[1/2]*,1,,T6036,L7409
K,11,3.6660,0.0010,3.6660,0.0014,20,1.92e+11,,0.000,338.20,2s2.2p5,2P*,3/2,2s2.2p4.(1D).3s,2D,5/2,,T6437,L2181
K,11,3.6968,0.0010,3.6969,0.0003,10,1.98e+11,,2.9130,338.29,2s2.2p5,2P*,1/2,2s2.2p4.(1D).3s,2D,3/2,,T6437,L2181
K,11,3.7236,0.0010,3.7236,0.0014,6,2.04e+11,,0.000,332.97,2s2.2p5,2P*,3/2,2s2.2p4.(3P).3s,2P,1/2,,T6437,L2181
K,11,3.7431,0.0010,3.7432,0.0014,20,3.75e+11,,0.000,331.22,2s2.2p5,2P*,3/2,2s2.2p4.(3P).3s,2P,3/2,,T6437,L2181
K,11,3.7564,0.0010,3.7564,0.0004,10,3.04e+11,,2.9130,332.97,2s2.2p5,2P*,1/2,2s2.2p4.(3P).3s,2P,1/2,,T6437,L2181
K,11,3.7692,0.0010,3.7693,0.0015,10,8.14e+10,,0.000,328.93,2s2.2p5,2P*,3/2,2s2.2p4.(3P).3s,4P,3/2,,T6437,L2181
K,11,3.7766,0.0010,3.7764,0.0004,5,4.31e+10,,2.9130,331.22,2s2.2p5,2P*,1/2,2s2.2p4.(3P).3s,2P,3/2,,T6437,L2181
K,11,3.7871,0.0010,3.7872,0.0015,5,3.40e+09,,0.000,327.38,2s2.2p5,2P*,3/2,2s2.2p4.(3P).3s,4P,5/2,,T6437,L2181
K,11,3.7891,0.0010,3.7892,0.0004,1,6.68e+09,,2.9130,330.12,2s2.2p5,2P*,1/2,2s2.2p4.(3P).3s,4P,1/2,,T6437,L2181
K,11,3.8030,0.0010,3.8030,0.0004,3,5.12e+09,,2.9130,328.93,2s2.2p5,2P*,1/2,2s2.2p4.(3P).3s,4P,3/2,,T6437,L2181
K,11,3.8112,0.0010,3.8111,0.0004,2,,,81.3214,406.64,2s.2p6,2S,1/2,2s.2p5.(3P*).3s,2P*,1/2,,,L2181
K,11,3.8317,0.0010,3.8316,0.0004,6,,,81.3214,404.91,2s.2p6,2S,1/2,2s.2p5.(3P*).3s,2P*,3/2,,,L2181
K,10,4.1151,0.0005,4.1150,0.0005,2,2.08e+11,,0.000,301.2986,2s2.2p6,1S,0,2s2.2p5.(2P*<1/2>).3s,2[1/2]*,1,,T6036,L3851
K,10,4.1548,0.0005,4.1548,0.0005,2,1.08e+11,,0.000,298.4120,2s2.2p6,1S,0,2s2.2p5.(2P*<3/2>).3s,2[3/2]*,1,,T6036,L3851
K,19,,,5.145781,0.000003,,7.6516e+11,AA,(4385.66980),(4626.613197),3p,2P*,1/2,4d,2D,3/2,,T7771,
K,19,,,5.146971,0.000005,,3.9563e+11,AA,(4385.72681),(4626.61452),3s,2S,1/2,4p,2P*,3/2,,T7771,
K,19,,,5.161261,0.000003,,8.0625e+10,AA,(4385.66980),(4625.89054),3p,2P*,1/2,4s,2S,1/2,,T7771,
K,19,,,5.163006,0.000006,,4.0413e+11,AA,(4385.72681),(4625.86636),3s,2S,1/2,4p,2P*,1/2,,T7771,
K,19,,,5.17853770,0.00000013,,1.6827e+12,AA,(4387.440803),(4626.860125),3d,2D,3/2,4f,2F*,5/2,,T7771,
K,19,,,5.1785957,0.0000022,,9.1770e+11,AA,(4387.44393),(4626.860570),3p,2P*,3/2,4d,2D,5/2,,T7771,
K,19,,,5.1838555,0.0000008,,4.5516e+09,AA,(4387.440803),(4626.61452),3d,2D,3/2,4p,2P*,3/2,,T7771,
K,19,,,5.1839520,0.0000022,,1.5342e+11,AA,(4387.44393),(4626.613197),3p,2P*,3/2,4d,2D,3/2,,T7771,
K,19,,,5.18856544,0.00000013,,1.7982e+12,AA,(4388.026935),(4626.983540),3d,2D,5/2,4f,2F*,7/2,,T7771,
K,19,,,5.19124659,0.00000013,,1.1979e+11,AA,(4388.026935),(4626.860125),3d,2D,5/2,4f,2F*,5/2,,T7771,
K,19,,,5.1965905,0.0000008,,4.1631e+10,AA,(4388.026935),(4626.61452),3d,2D,5/2,4p,2P*,3/2,,T7771,
K,19,,,5.199663,0.000003,,1.6715e+11,AA,(4387.44393),(4625.89054),3p,2P*,3/2,4s,2S,1/2,,T7771,
K,19,,,5.2001219,0.0000016,,4.8058e+10,AA,(4387.440803),(4625.86636),3d,2D,3/2,4p,2P*,1/2,,T7771,
K,19,,,5.9692766,0.0000022,,9.5233e+09,AA,(4625.86636),(4833.570254),4p,2P*,1/2,7s,2S,1/2,,T7771,
K,19,,,5.970102,0.000003,,3.7173e+10,AA,(4625.89054),(4833.565723),4s,2S,1/2,7p,2P*,1/2,,T7771,
K,19,,,5.9908559,0.0000011,,1.9631e+10,AA,(4626.61452),(4833.570254),4p,2P*,3/2,7s,2S,1/2,,T7771,
K,19,,,5.9909488,0.0000005,,7.3902e+09,AA,(4626.613197),(4833.565723),4d,2D,3/2,7p,2P*,1/2,,T7771,
K,17,6.3168,0.0010,6.316,0.009,1,,,592.35,788.66,1s2.3p,2P*,1/2,1s2.4d,2D,3/2,,,L10665
K,17,6.3509,0.0010,6.318,0.009,1,,,593.25,789.49,1s2.3p,2P*,3/2,1s2.4d,2D,5/2,,,L10665
K,17,6.4643,0.0010,6.453,0.009,3,1.08e+09,,596.96,789.10,1s2.3d,2D,3/2,1s2.4f,2F*,5/2,,T6094,L10665
K,17,6.4747,0.0010,6.468,0.009,4,1.16e+12,,597.36,789.04,1s2.3d,2D,5/2,1s2.4f,2F*,7/2,,T6094,L10665
K,19,,,7.234791,0.000003,,1.5701e+10,AA,(4625.86636),(4797.238556),4p,2P*,1/2,6s,2S,1/2,,T7771,
K,19,,,7.236115,0.000004,,5.8609e+10,AA,(4625.89054),(4797.231373),4s,2S,1/2,6p,2P*,1/2,,T7771,
K,19,,,7.2665143,0.0000019,,3.2393e+10,AA,(4626.61452),(4797.238556),4p,2P*,3/2,6s,2S,1/2,,T7771,
K,19,,,7.2667638,0.0000011,,1.2912e+10,AA,(4626.613197),(4797.231373),4d,2D,3/2,6p,2P*,1/2,,T7771,
K,9,7.6913,0.0005,7.6913,0.0005,0,,,0.00000,161.201,2p6.3s,2S,1/2,2p6.9p,2P*,"1/2,3/2",,,L3851
K,9,7.8902,0.0005,7.8902,0.0005,0,,,0.00000,157.136,2p6.3s,2S,1/2,2p6.8p,2P*,"1/2,3/2",,,L3851
K,9,8.2036,0.0005,8.2036,0.0005,1,,,0.00000,151.134,2p6.3s,2S,1/2,2p6.7p,2P*,"1/2,3/2",,,L3851
K,9,8.5732,0.0010,8.5732,0.0005,0,,,19.95073,164.569,2p6.3p,2P*,3/2,2p6.10d,2D,5/2,,,L3896
K,9,8.7064,0.0010,8.7064,0.0005,1,,,19.48441,161.890,2p6.3p,2P*,1/2,2p6.9d,2D,3/2,,,L3896
K,9,8.7345,0.0010,8.7345,0.0005,1,,,19.95073,161.899,2p6.3p,2P*,3/2,2p6.9d,2D,5/2,,,L3896
K,9,8.7508,0.0005,8.7508,0.0005,2,,,0.00000,141.683,2p6.3s,2S,1/2,2p6.6p,2P*,3/2,,,L3851
K,9,8.7534,0.0005,8.7534,0.0005,1,,,0.00000,141.641,2p6.3s,2S,1/2,2p6.6p,2P*,1/2,,,L3851
K,9,8.9396,0.0005,8.9396,0.0005,0,,,19.48441,158.175,2p6.3p,2P*,1/2,2p6.8d,2D,3/2,,,L3851
K,9,8.9697,0.0005,8.9697,0.0005,1,,,19.95073,158.177,2p6.3p,2P*,3/2,2p6.8d,2D,5/2,,,L3851
K,8,9.1917,0.0005,9.1917,0.0006,0,,,0.000,134.887,3s2,1S,0,3s.7p,1P*,1,,,L3851
K,9,9.3069,0.0005,9.3069,0.0005,1,,,19.48441,152.701,2p6.3p,2P*,1/2,2p6.7d,2D,3/2,,,L3851
K,9,9.3395,0.0005,9.3395,0.0005,2,,,19.95073,152.704,2p6.3p,2P*,3/2,2p6.7d,2D,5/2,,,L3851
K,9,9.5069,0.0010,9.5058,0.0005,1,,,19.48441,149.914,2p6.3p,2P*,1/2,2p6.7s,2S,1/2,,,L3896
K,9,9.5399,0.0005,9.5399,0.0005,0,,,19.95073,149.914,2p6.3p,2P*,3/2,2p6.7s,2S,1/2,,,L3851
K,8,9.7793,0.0005,9.7793,0.0006,1,,,0.000,126.782,3s2,1S,0,3s.6p,1P*,1,,,L3851
K,9,9.8796,0.0005,9.8794,0.0005,5,,,0.00000,125.498,2p6.3s,2S,1/2,2p6.5p,2P*,3/2,,,L3851
K,9,9.8866,0.0005,9.8861,0.0005,4,,,0.00000,125.412,2p6.3s,2S,1/2,2p6.5p,2P*,1/2,,,L3851
K,9,9.9394,0.0005,9.9394,0.0005,3,,,19.48441,144.225,2p6.3p,2P*,1/2,2p6.6d,2D,3/2,,,L3851
K,9,9.9761,0.0005,9.9761,0.0005,4,,,19.95073,144.232,2p6.3p,2P*,3/2,2p6.6d,2D,5/2,,,L3851
K,8,10.3086,0.0005,10.3086,0.0007,0,,,16.020,136.292,3s.3p,3P*,1,3s.7d,3D,"1,2,3",,,L3851
K,9,10.3163,0.0005,10.3161,0.0005,0,,,19.48441,139.669,2p6.3p,2P*,1/2,2p6.6s,2S,1/2,,,L3851
K,8,10.3351,0.0005,10.3339,0.0007,0,,,16.314,136.292,3s.3p,3P*,2,3s.7d,3D,"1,2,3",,,L3851
K,9,10.3561,0.0005,10.3563,0.0005,1,,,19.95073,139.669,2p6.3p,2P*,3/2,2p6.6s,2S,1/2,,,L3851
K,9,10.7183,0.0005,10.7166,0.0005,0*,,,46.47758,162.171,2p6.3d,2D,3/2,2p6.9f,2F*,"5/2,7/2",,,L3851
K,9,10.7183,0.0005,10.7195,0.0005,0*,,,46.50920,162.171,2p6.3d,2D,5/2,2p6.9f,2F*,"5/2,7/2",,,L3851
K,8,10.9303,0.0005,10.9303,0.0008,0,,,15.882,129.314,3s.3p,3P*,0,3s.6d,3D,1,,,L3851
K,8,10.9434,0.0005,10.9434,0.0008,1,,,16.020,129.316,3s.3p,3P*,1,3s.6d,3D,2,,,L3851
K,8,10.9535,0.0005,10.9535,0.0008,3,,,0.000,113.191,3s2,1S,0,3s.5p,1P*,1,,,L3851
K,8,10.9711,0.0005,10.9711,0.0008,2,,,16.314,129.324,3s.3p,3P*,2,3s.6d,3D,3,,,L3851
K,9,11.0652,0.0010,11.0620,0.0005,0*,,,46.47758,158.558,2p6.3d,2D,3/2,2p6.8f,2F*,"5/2,7/2",,,L3851
K,9,11.0652,0.0010,11.0652,0.0005,0*,,,46.50920,158.558,2p6.3d,2D,5/2,2p6.8f,2F*,"5/2,7/2",,,L3851
K,19,,,11.124164,0.000007,,1.6065e+11,AA,(4625.86636),(4737.321208),4p,2P*,1/2,5d,2D,3/2,,T7771,
K,19,,,11.126509,0.000010,,9.4819e+10,AA,(4625.89054),(4737.32190),4s,2S,1/2,5p,2P*,3/2,,T7771,
K,19,,,11.161198,0.000009,,2.8291e+10,AA,(4625.86636),(4736.95139),4p,2P*,1/2,5s,2S,1/2,,T7771,
K,19,,,11.164874,0.000011,,9.7021e+10,AA,(4625.89054),(4736.93900),4s,2S,1/2,5p,2P*,1/2,,T7771,
K,19,,,11.1864322,0.0000011,,3.1497e+11,AA,(4626.613197),(4737.447640),4d,2D,3/2,5f,2F*,5/2,,T7771,
K,19,,,11.186543,0.000004,,1.9354e+11,AA,(4626.61452),(4737.447869),4p,2P*,3/2,5d,2D,5/2,,T7771,
K,19,,,11.199137,0.000003,,2.4667e+09,AA,(4626.613197),(4737.32190),4d,2D,3/2,5p,2P*,3/2,,T7771,
K,19,,,11.199341,0.000004,,3.2409e+10,AA,(4626.61452),(4737.321208),4p,2P*,3/2,5d,2D,3/2,,T7771,
K,19,,,11.2050184,0.0000004,,5.3570e+11,AA,(4626.860125),(4737.5107229),4f,2F*,5/2,5g,2G,7/2,,T7771,
K,19,,,11.2050514,0.0000011,,3.3716e+11,AA,(4626.860570),(4737.510842),4d,2D,5/2,5f,2F*,7/2,,T7771,
K,19,,,11.2113869,0.0000007,,3.1420e+08,AA,(4626.860125),(4737.447869),4f,2F*,5/2,5d,2D,5/2,,T7771,
K,19,,,11.2114553,0.0000011,,2.2494e+10,AA,(4626.860570),(4737.447640),4d,2D,5/2,5f,2F*,5/2,,T7771,
K,9,11.2120,0.0005,11.2120,0.0005,4,6.82e+10,,19.48441,130.066,2p6.3p,2P*,1/2,2p6.5d,2D,3/2,,T6870,L3851
K,19,,,11.2136860,0.0000004,,5.5492e+11,AA,(4626.983540),(4737.5486108),4f,2F*,7/2,5g,2G,9/2,,T7771,
K,19,,,11.2175300,0.0000004,,1.9805e+10,AA,(4626.983540),(4737.5107229),4f,2F*,7/2,5g,2G,7/2,,T7771,
K,19,,,11.2239127,0.0000007,,6.3402e+09,AA,(4626.983540),(4737.447869),4f,2F*,7/2,5d,2D,5/2,,T7771,
K,19,,,11.224217,0.000003,,2.2525e+10,AA,(4626.860570),(4737.32190),4d,2D,5/2,5p,2P*,3/2,,T7771,
K,19,,,11.2242425,0.0000007,,6.7274e+09,AA,(4626.860125),(4737.321208),4f,2F*,5/2,5d,2D,3/2,,T7771,
K,19,,,11.236878,0.000006,,5.8541e+10,AA,(4626.61452),(4736.95139),4p,2P*,3/2,5s,2S,1/2,,T7771,
K,19,,,11.238006,0.000004,,2.5883e+10,AA,(4626.613197),(4736.93900),4d,2D,3/2,5p,2P*,1/2,,T7771,
K,9,11.2586,0.0005,11.2585,0.0005,5,2.07e+10,,19.95073,130.076,2p6.3p,2P*,3/2,2p6.5d,2D,5/2,,T6870,L3851
K,9,11.2594,0.0010,11.2595,0.0005,20,2.30e+09,,19.95073,130.066,2p6.3p,2P*,3/2,2p6.5d,2D,3/2,,T6870,L3896
K,8,11.3858,0.0005,11.3861,0.0008,0,,,16.020,124.910,3s.3p,3P*,1,3s.6s,3S,1,,,L3851
K,8,11.4173,0.0005,11.4170,0.0008,0,,,16.314,124.910,3s.3p,3P*,2,3s.6s,3S,1,,,L3851
K,10,11.476,0.001,,,,,,,,,,,,,,,,L4564
K,9,11.6109,0.0005,11.6109,0.0005,0,,,46.47758,153.261,2p6.3d,2D,3/2,2p6.7f,2F*,5/2,,,L3851
K,9,11.6139,0.0005,11.6139,0.0005,1,,,46.50920,153.264,2p6.3d,2D,5/2,2p6.7f,2F*,7/2,,,L3851
K,9,12.1091,0.0005,12.1091,0.0004,2,7.05e+09,,19.48441,121.874,2p6.3p,2P*,1/2,2p6.5s,2S,1/2,,T6870,L3851
K,9,12.1645,0.0005,12.1645,0.0004,3,1.43e+10,,19.95073,121.874,2p6.3p,2P*,3/2,2p6.5s,2S,1/2,,T6870,L3851
K,8,12.1885,0.0005,12.1885,0.0010,1,,,15.882,117.604,3s.3p,3P*,0,3s.5d,3D,1,,,L3851
K,8,12.2054,0.0005,12.2054,0.0010,3,,,16.020,117.601,3s.3p,3P*,1,3s.5d,3D,2,,,L3851
K,8,12.2413,0.0005,12.2413,0.0010,4,,,16.314,117.598,3s.3p,3P*,2,3s.5d,3D,3,,,L3851
K,9,12.5697,0.0005,12.5697,0.0005,2,,,46.47758,145.115,2p6.3d,2D,3/2,2p6.6f,2F*,5/2,,,L3851
K,9,12.5735,0.0005,12.5736,0.0005,3,,,46.50920,145.116,2p6.3d,2D,5/2,2p6.6f,2F*,7/2,,,L3851
K,12,12.6650,0.0010,12.6651,0.0011,3,1.59e+09,,0.000,97.895,2s2.2p4,3P,2,2s.2p5,1P*,1,,T7370,L5515
K,7,12.6654,0.0005,12.66499,0.00012,0,,,0.00000,97.8952,3s2.3p,2P*,1/2,3s2.6d,2D,3/2,,,L3851
K,7,12.7156,0.0005,12.71511,0.00010,1,,,0.388601,97.8979,3s2.3p,2P*,3/2,3s2.6d,2D,5/2,,,L3851
K,10,12.735,0.001,,,,,,,,,,,,,,,,L4564
K,10,12.756,0.001,,,,,,,,,,,,,,,,L4564
K,19,,,12.830651,0.000005,,7.0804e+09,AA,(4736.93900),(4833.570254),5p,2P*,1/2,7s,2S,1/2,,T7771,
K,19,,,12.832900,0.000007,,2.0900e+10,AA,(4736.95139),(4833.565723),5s,2S,1/2,7p,2P*,1/2,,T7771,
K,19,,,12.881695,0.000004,,1.4588e+10,AA,(4737.32190),(4833.570254),5p,2P*,3/2,7s,2S,1/2,,T7771,
K,19,,,12.8822094,0.0000019,,7.2431e+09,AA,(4737.321208),(4833.565723),5d,2D,3/2,7p,2P*,1/2,,T7771,
K,10,12.893,0.001,,,,,,,,,,,,,,,,L4564
K,9,13.1633,0.0005,13.1634,0.0005,8,1.84e+10,,0.00000,94.189,2p6.3s,2S,1/2,2p6.4p,2P*,3/2,,T7942,L3851
K,9,13.1880,0.0005,13.1881,0.0005,7,1.90e+10,,0.00000,94.013,2p6.3s,2S,1/2,2p6.4p,2P*,1/2,,T7942,L3851
K,8,13.2105,0.0005,13.2104,0.0011,0,,,15.882,109.735,3s.3p,3P*,0,3s.5s,3S,1,,,L3851
K,8,13.2519,0.0005,13.2519,0.0011,0,,,23.872,117.431,3s.3p,1P*,1,3s.5d,1D,2,,,L3851
K,8,13.2715,0.0005,13.2715,0.0011,2,,,16.314,109.735,3s.3p,3P*,2,3s.5s,3S,1,,,L3851
K,7,13.3084,0.002,13.30841,0.00011,00,,,0.388601,93.5509,3s2.3p,2P*,3/2,3s2.6s,2S,1/2,,,L1111
K,11,13.508,0.010,13.508,0.011,20,,,370.45,462.24,2s2.2p4.(3P).3d,4D,7/2,2s2.2p4.(3P<2>).4f,2[4]*,9/2,,,L11908
K,11,13.538,0.010,13.538,0.011,10,,,370.65,462.24,2s2.2p4.(3P).3d,4D,5/2,2s2.2p4.(3P<2>).4f,2[4]*,7/2,,,L11908
K,8,13.5889,0.0005,13.5874,0.0012,1d*,,,45.642,136.891,3s.3d,3D,1,3s.7f,3F*,"2,3,4",,,L3851
K,8,13.5889,0.0005,13.5889,0.0012,1d*,,,45.652,136.891,3s.3d,3D,2,3s.7f,3F*,"2,3,4",,,L3851
K,8,13.5889,0.0005,13.5913,0.0012,1d*,,,45.668,136.891,3s.3d,3D,3,3s.7f,3F*,"2,3,4",,,L3851
K,8,13.6979,0.0005,13.6978,0.0012,0,2.35e+09,,16.020,106.534,3s.3p,3P*,1,3p.4p,3S,1,,T7942,L3851
K,8,13.7118,0.0005,13.7117,0.0012,1,2.00e+09,,16.020,106.442,3s.3p,3P*,1,3p.4p,3P,2,,T7942,L3851
K,8,13.7248,0.0005,13.7247,0.0012,2,4.38e+09,,15.882,106.218,3s.3p,3P*,0,3p.4p,3P,1,,T7942,L3851
K,8,13.7424,0.0005,13.7425,0.0012,3,1.29e+10,,16.314,106.534,3s.3p,3P*,2,3p.4p,3S,1,,T7942,L3851
K,8,13.7458,0.0005,13.7457,0.0012,1,6.42e+09,,16.020,106.218,3s.3p,3P*,1,3p.4p,3P,1,,T7942,L3851
K,8,13.7563,0.0005,13.7564,0.0012,4,9.90e+09,,16.314,106.442,3s.3p,3P*,2,3p.4p,3P,2,,T7942,L3851
K,8,13.7601,0.0005,13.7601,0.0012,2,1.22e+10,,16.020,106.124,3s.3p,3P*,1,3p.4p,3P,0,,T7942,L3851
K,8,13.7906,0.0005,13.7907,0.0012,0,1.42e+09,,16.314,106.218,3s.3p,3P*,2,3p.4p,3P,1,,T7942,L3851
K,11,13.827,0.010,13.826,0.011,37,,,372.57,462.25,2s2.2p4.(3P).3d,4F,9/2,2s2.2p4.(3P<2>).4f,2[5]*,11/2,,,L11908
K,13,13.8500,0.0010,13.8502,0.0010,200,3.46e+10,,12.4677,101.986,2s2.2p3,2D*,3/2,2s.(2S).2p4.(3P),2P,1/2,,T6791,L5579
K,8,13.8632,0.0005,13.8628,0.0012,5bl*,,,15.882,105.319,3s.3p,3P*,0,3p.4p,3D,1,,,L3851
K,8,13.8632,0.0005,13.8631,0.0012,5bl*,,,16.314,105.748,3s.3p,3P*,2,3p.4p,3D,3,,,L3851
K,8,13.8632,0.0005,13.8643,0.0012,5bl*,,,16.020,105.447,3s.3p,3P*,1,3p.4p,3D,2,,,L3851
K,8,13.8842,0.0005,13.8842,0.0012,1,2.63e+09,,16.020,105.319,3s.3p,3P*,1,3p.4p,3D,1,,T7942,L3851
K,8,13.9101,0.0005,13.9101,0.0012,1,1.63e+09,,16.314,105.447,3s.3p,3P*,2,3p.4p,3D,2,,T7942,L3851
K,11,13.940,0.010,13.941,0.011,10,,,373.38,462.31,2s2.2p4.(3P).3d,4F,7/2,2s2.2p4.(3P<2>).4f,2[5]*,9/2,,,L11908
K,7,13.9480,0.0005,13.94799,0.00014,2,,,0.00000,88.8903,3s2.3p,2P*,1/2,3s2.5d,2D,3/2,,,L3851
K,7,14.0084,0.0005,14.00851,0.00012,1,,,0.388601,88.8949,3s2.3p,2P*,3/2,3s2.5d,2D,5/2,,,L3851
K,12,14.0862,0.0010,14.0848,0.0010,8000,8.44e+10,,9.86753,97.895,2s2.2p4,1D,2,2s.2p5,1P*,1,,T4919,L5515
K,13,14.2681,0.0010,14.2685,0.0010,200,9.75e+09,,12.4677,99.361,2s2.2p3,2D*,3/2,2s.(2S).2p4.(3P),2P,3/2,,T6791,L5579
K,8,14.2751,0.002,14.2751,0.0013,0d,,,23.872,110.725,3s.3p,1P*,1,3s.5s,1S,0,,,L1558
K,13,14.3741,0.0010,14.3744,0.0010,2000,5.16e+10,,13.1075,99.361,2s2.2p3,2D*,5/2,2s.(2S).2p4.(3P),2P,3/2,,T6791,L5579
K,8,14.3805,0.0005,14.3805,0.0013,6,2.31e+10,,0.000,86.217,3s2,1S,0,3s.4p,1P*,1,,T7942,L3851
K,9,14.5659,0.0005,14.5659,0.0006,4,3.50e+10,C',46.47758,131.597,2p6.3d,2D,3/2,2p6.5f,2F*,5/2,,T1619interp,L3851
K,9,14.5712,0.0005,14.5711,0.0006,5,3.80e+10,C',46.50920,131.598,2p6.3d,2D,5/2,2p6.5f,2F*,7/2,,T1619interp,L3851
K,9,,,14.5714,0.0006,,2.5e+09,C',46.50920,131.597,2p6.3d,2D,5/2,2p6.5f,2F*,5/2,,T1619interp,
K,8,14.6352,0.0005,14.6336,0.0014,2d*,,,45.642,130.368,3s.3d,3D,1,3s.6f,3F*,"2,3,4",,,L3851
K,8,14.6352,0.0005,14.6353,0.0014,2d*,,,45.652,130.368,3s.3d,3D,2,3s.6f,3F*,"2,3,4",,,L3851
K,8,14.6382,0.0005,14.6381,0.0014,2d,,,45.668,130.368,3s.3d,3D,3,3s.6f,3F*,"2,3,4",,,L3851
K,9,14.7120,0.0005,14.7120,0.0006,7,2.56e+10,,19.48441,103.759,2p6.3p,2P*,1/2,2p6.4d,2D,3/2,,T7942,L3851
K,14,14.7556,0.0010,14.7556,0.0012,15,6.02e+09,,0.0000,84.025,2s2.2p2,3P,0,2s.(2S).2p3.(4S*),3S*,1,,T5052,L5600
K,9,14.7912,0.0005,14.7909,0.0007,8,3.09e+10,,19.95073,103.775,2p6.3p,2P*,3/2,2p6.4d,2D,5/2,,T7942,L3851
K,9,14.7941,0.0005,14.7939,0.0007,4,5.15e+09,,19.95073,103.759,2p6.3p,2P*,3/2,2p6.4d,2D,3/2,,T7942,L3851
K,13,14.9447,0.0010,14.9447,0.0009,30,1.04e+10,,12.4677,95.430,2s2.2p3,2D*,3/2,2s.(2S).2p4.(1S),2S,1/2,,T6791,L5579
K,14,15.0495,0.0010,15.0495,0.0012,60,1.77e+10,,1.6409,84.025,2s2.2p2,3P,1,2s.(2S).2p3.(4S*),3S*,1,,T5052,L5600
K,13,15.1073,0.0010,15.1076,0.0011,6,5.41e+09,,19.9181,101.986,2s2.2p3,2P*,1/2,2s.(2S).2p4.(3P),2P,1/2,,T6791,L5579
K,14,15.1713,0.0010,15.1715,0.0012,250,3.65e+10,,11.8927,93.614,2s2.2p2,1D,2,2s.(2S).2p3.(2P*),1P*,1,,T5052,L5600
K,11,15.2462,0.0005,15.246,0.023,560,3.68e+10,,0.000,81.3214,2s2.2p5,2P*,3/2,2s.2p6,2S,1/2,,T6437,L5515
K,13,15.2793,0.0010,15.2794,0.0012,100,3.13e+10,,20.8409,101.986,2s2.2p3,2P*,3/2,2s.(2S).2p4.(3P),2P,1/2,,T6791,L5579
K,7,15.2889,0.0005,15.28879,0.00017,2,,,0.00000,81.0948,3s2.3p,2P*,1/2,3s2.5s,2S,1/2,,,L3851
K,7,15.3624,0.0005,15.36241,0.00014,3,,,0.388601,81.0948,3s2.3p,2P*,3/2,3s2.5s,2S,1/2,,,L3851
K,14,15.3970,0.0010,15.3968,0.0013,300,3.27e+10,,3.4995,84.025,2s2.2p2,3P,2,2s.(2S).2p3.(4S*),3S*,1,,T5052,L5600
K,14,15.4265,0.0010,15.4265,0.0013,1,8.41e+08,,3.4995,83.870,2s2.2p2,3P,2,2s.(2S).2p3.(2D*),1D*,2,,T5052,L5600
K,8,15.5701,0.0005,15.5703,0.0016,4,1.41e+10,,15.882,95.510,3s.3p,3P*,0,3s.4d,3D,1,,T7942,L3851
K,8,15.5951,0.0005,15.5952,0.0016,5,1.91e+10,,16.020,95.521,3s.3p,3P*,1,3s.4d,3D,2,,T7942,L3851
K,8,15.5976,0.0005,15.5973,0.0016,3,1.07e+10,,16.020,95.510,3s.3p,3P*,1,3s.4d,3D,1,,T7942,L3851
K,13,15.6067,0.0010,15.6067,0.0012,5,3.38e+09,,19.9181,99.361,2s2.2p3,2P*,1/2,2s.(2S).2p4.(3P),2P,3/2,,T6791,L5579
K,8,15.6495,0.0005,15.6495,0.0016,6,2.55e+10,,16.314,95.540,3s.3p,3P*,2,3s.4d,3D,3,,T7942,L3851
K,8,15.6533,0.0005,15.6532,0.0016,3,6.45e+09,,16.314,95.521,3s.3p,3P*,2,3s.4d,3D,2,,T7942,L3851
K,9,15.6963,0.0005,15.6964,0.0012,1,3.94e+09,,46.50920,125.498,2p6.3d,2D,5/2,2p6.5p,2P*,3/2,,T6870,L3851
K,9,15.7071,0.0005,15.7071,0.0012,0,4.43e+09,,46.47758,125.412,2p6.3d,2D,3/2,2p6.5p,2P*,1/2,,T6870,L3851
K,13,15.7902,0.0010,15.7901,0.0013,40,8.43e+09,,20.8409,99.361,2s2.2p3,2P*,3/2,2s.(2S).2p4.(3P),2P,3/2,,T6791,L5579
K,11,15.8135,0.0005,15.8126,0.0005,450,1.62e+10,,2.9130,81.3214,2s2.2p5,2P*,1/2,2s.2p6,2S,1/2,,T6437,L5515
K,12,15.9603,0.0010,15.9569,0.0013,70,6.63e+09,,20.1953,97.895,2s2.2p4,1S,0,2s.2p5,1P*,1,,T4919,L5515
K,13,16.1302,0.0010,16.1302,0.0013,20,2.61e+10,,82.042,158.907,2s.(2S).2p4.(1D),2D,3/2,2p5,2P*,1/2,,T6791,L5579
K,13,16.4193,0.0010,16.4192,0.0011,40,1.67e+10,,19.9181,95.430,2s2.2p3,2P*,1/2,2s.(2S).2p4.(1S),2S,1/2,,T6791,L5579
K,10,16.477,0.001,,,,,,,,,,,,,,,,L4564
K,10,16.554,0.001,,,,,,,,,,,,,,,,L4564
K,13,16.6214,0.0010,16.6223,0.0011,20,1.02e+10,,20.8409,95.430,2s2.2p3,2P*,3/2,2s.(2S).2p4.(1S),2S,1/2,,T6791,L5579
K,10,16.648,0.001,,,,,,,,,,,,,,,,L4564
K,10,16.690,0.001,,,,,,,,,,,,,,,,L4564
K,15,16.6925,0.0010,16.6923,0.0024,15,4.25e+09,,0.000,74.276,2s2.2p,2P*,1/2,2s.2p2,2P,3/2,,T7003,L5601
K,10,16.762,0.001,,,,,,,,,,,,,,,,L4564
K,10,16.776,0.001,,,,,,,,,,,,,,,,L4564
K,8,16.7896,0.0005,16.7875,0.0018,3*,,,45.642,119.497,3s.3d,3D,1,3s.5f,3F*,"2,3,4",,,L3851
K,8,16.7896,0.0005,16.7897,0.0018,3*,,,45.652,119.497,3s.3d,3D,2,3s.5f,3F*,"2,3,4",,,L3851
K,8,16.7934,0.0005,16.7934,0.0018,3,,,45.668,119.497,3s.3d,3D,3,3s.5f,3F*,"2,3,4",,,L3851
K,13,16.8165,0.0010,16.8160,0.0012,5,4.34e+09,,82.042,155.772,2s.(2S).2p4.(1D),2D,3/2,2p5,2P*,3/2,,T6791,L5579
K,13,16.8471,0.0010,16.8478,0.0012,40,2.35e+10,,82.181,155.772,2s.(2S).2p4.(1D),2D,5/2,2p5,2P*,3/2,,T6791,L5579
K,10,16.879,0.001,,,,,,,,,,,,,,,,L4564
K,14,16.8961,0.0010,16.8957,0.0020,8,1.61e+10,,56.878,130.260,2s.(2S).2p3.(2D*),3D*,2,2p4,3P,1,,T5052,L5600
K,14,16.9165,0.0010,16.9170,0.0020,4,7.69e+09,,56.970,130.260,2s.(2S).2p3.(2D*),3D*,1,2p4,3P,1,,T5052,L5600
K,12,16.9726,0.0010,16.9729,0.0016,300,1.22e+10,,0.000,73.0485,2s2.2p4,3P,2,2s.2p5,3P*,1,,T4919,L5515
K,15,16.9989,0.0010,16.9993,0.0025,3,7.07e+09,,0.000,72.935,2s2.2p,2P*,1/2,2s.2p2,2P,1/2,,T7003,L5601
K,8,17.2028,0.0005,17.2028,0.0019,2,9.32e+09,,23.872,95.944,3s.3p,1P*,1,3s.4d,1D,2,,T7942,L3851
K,14,17.2252,0.0010,17.2254,0.0016,500,2.81e+10,,11.8927,83.870,2s2.2p2,1D,2,2s.(2S).2p3.(2D*),1D*,2,,T5052,L5600
K,12,17.2584,0.0010,17.2581,0.0006,300,2.75e+10,,2.3488,74.1899,2s2.2p4,3P,1,2s.2p5,3P*,0,,T4919,L5515
K,14,17.3580,0.0010,17.3570,0.0021,15,9.37e+09,,22.183,93.614,2s2.2p2,1S,0,2s.(2S).2p3.(2P*),1P*,1,,T5052,L5600
K,12,17.4412,0.0010,17.4410,0.0016,600,1.96e+10,,0.000,71.0880,2s2.2p4,3P,2,2s.2p5,3P*,2,,T4919,L5515
K,14,17.5024,0.0010,17.5028,0.0022,8,5.79e+09,,56.878,127.715,2s.(2S).2p3.(2D*),3D*,2,2p4,3P,2,,T5052,L5600
K,7,17.5205,0.0005,17.52117,0.00022,4,,,0.00000,70.7625,3s2.3p,2P*,1/2,3s2.4d,2D,3/2,,,L3851
K,12,17.5373,0.0010,17.5367,0.0006,200,6.58e+09,,2.3488,73.0485,2s2.2p4,3P,1,2s.2p5,3P*,1,,T4919,L5515
K,15,17.5406,0.0010,17.5419,0.0019,200bl,2.37e+10,,3.5976,74.276,2s2.2p,2P*,3/2,2s.2p2,2P,3/2,,T7003,L5601
K,14,17.5723,0.0010,17.5720,0.0022,400,2.00e+10,,57.157,127.715,2s.(2S).2p3.(2D*),3D*,3,2p4,3P,2,,T5052,L5600
K,7,17.6120,0.0005,17.61222,0.00019,5,,,0.388601,70.7853,3s2.3p,2P*,3/2,3s2.4d,2D,5/2,,,L3851
K,7,17.6181,0.0005,17.61793,0.00019,2,,,0.388601,70.7625,3s2.3p,2P*,3/2,3s2.4d,2D,3/2,,,L3851
K,12,17.6691,0.0010,17.6688,0.0009,200,8.40e+09,,2.8773,73.0485,2s2.2p4,3P,0,2s.2p5,3P*,1,,T4919,L5515
K,13,17.8205,0.0010,17.8204,0.0010,200,1.70e+10,,12.4677,82.042,2s2.2p3,2D*,3/2,2s.(2S).2p4.(1D),2D,3/2,,T6791,L5579
K,15,17.8807,0.0010,17.8813,0.0020,20,1.74e+10,,3.5976,72.935,2s2.2p,2P*,3/2,2s.2p2,2P,1/2,,T7003,L5601
K,13,17.9514,0.0010,17.9496,0.0010,500,1.52e+10,,13.1075,82.181,2s2.2p3,2D*,5/2,2s.(2S).2p4.(1D),2D,5/2,,T6791,L5579
K,13,17.9855,0.0010,17.9858,0.0010,3,7.78e+08,,13.1075,82.042,2s2.2p3,2D*,5/2,2s.(2S).2p4.(1D),2D,3/2,,T6791,L5579
K,12,18.0370,0.0010,18.0369,0.0007,200,6.03e+09,,2.3488,71.0880,2s2.2p4,3P,1,2s.2p5,3P*,2,,T4919,L5515
K,15,18.0878,0.0010,18.088,0.003,20,1.62e+10,,0.000,68.546,2s2.2p,2P*,1/2,2s.2p2,2S,1/2,,T7003,L5601
K,8,18.2643,0.0005,18.2643,0.0021,2,,,51.953,119.836,3s.3d,1D,2,3s.5f,1F*,3,,,L3851
K,12,18.2752,0.0010,18.2753,0.0024,30,7.75e+10,,97.895,165.737,2s.2p5,1P*,1,2p6,1S,0,,T4919,L5515
K,15,18.458,0.005,18.459,0.004,bl,2.08e+09,,55.044,122.210,2s.2p2,2D,3/2,2p3,2P*,3/2,,T7003,L5217
K,9,18.4590,0.0005,18.4590,0.0005,5,1.65e+10,,19.48441,86.6517,2p6.3p,2P*,1/2,2p6.4s,2S,1/2,,T7942,L3851
K,15,18.5123,0.0010,18.512,0.003,15,9.39e+09,,55.236,122.210,2s.2p2,2D,5/2,2p3,2P*,3/2,,T7003,L5601
K,9,18.5881,0.0005,18.5881,0.0005,6,3.30e+10,,19.95073,86.6517,2p6.3p,2P*,3/2,2p6.4s,2S,1/2,,T7942,L3851
K,14,18.5883,0.0010,18.5863,0.0019,150p,3.02e+09,,0.0000,66.707,2s2.2p2,3P,0,2s.(2S).2p3.(2P*),3P*,1,,T5052,L5600
K,15,18.6799,0.0010,18.681,0.005,3,1.36e+10,,55.044,121.414,2s.2p2,2D,3/2,2p3,2P*,1/2,,T7003,L5601
K,15,18.9766,0.0010,18.977,0.003,1,4.79e+09,,30.788+x,96.122+x,2s.2p2,4P,1/2,2p3,4S*,3/2,,T7003,L5601
K,14,18.985,0.005,18.9860,0.0019,bl,1.33e+09,,1.6409,66.944,2s2.2p2,3P,1,2s.(2S).2p3.(2P*),3P*,2,,T5052,L5217
K,14,19.0551,0.0010,19.0550,0.0020,7,4.41e+09,,1.6409,66.707,2s2.2p2,3P,1,2s.(2S).2p3.(2P*),3P*,1,,T5052,L5600
K,14,19.0779,0.0010,19.0779,0.0020,5,1.06e+10,,1.6409,66.629,2s2.2p2,3P,1,2s.(2S).2p3.(2P*),3P*,0,,T5052,L5600
K,14,19.285,0.005,19.302,0.003,,9.15e+09,,66.707,[130.940],2s.(2S).2p3.(2P*),3P*,1,2p4,3P,0,,T5052,L5217
K,15,19.3930,0.0010,19.393,0.003,3,8.91e+09,,32.190+x,96.122+x,2s.2p2,4P,3/2,2p3,4S*,3/2,,T7003,L5601
K,14,19.5422,0.0010,19.5422,0.0021,40,8.63e+09,,3.4995,66.944,2s2.2p2,3P,2,2s.(2S).2p3.(2P*),3P*,2,,T5052,L5600
K,14,19.579,0.005,19.582,0.003,,5.68e+09,,66.944,130.260,2s.(2S).2p3.(2P*),3P*,2,2p4,3P,1,,T5052,L5217
K,14,19.6151,0.0010,19.6153,0.0021,8,2.95e+09,,3.4995,66.707,2s2.2p2,3P,2,2s.(2S).2p3.(2P*),3P*,1,,T5052,L5600
K,8,19.6461,0.0005,19.6464,0.0022,2,1.45e+10,,37.235,100.343,3p2,1D,2,3s.4f,1F*,3,,T7942,L3851
K,13,19.8524,0.0010,19.8524,0.0008,20,7.94e+09,,0.0000,62.4529,2s2.2p3,4S*,3/2,2s.(2S).2p4.(3P),4P,1/2,,T6791,L5579
K,8,19.8538,0.0005,19.8506,0.0022,3,5.20e+09,,15.882,78.341,3s.3p,3P*,0,3s.4s,3S,1,,T7942,L3851
K,8,19.8978,0.0005,19.8945,0.0022,5,1.56e+10,,16.020,78.341,3s.3p,3P*,1,3s.4s,3S,1,,T7942,L3851
K,15,19.9567,0.0010,19.957,0.003,10bl,1.23e+10,,33.996+x,96.122+x,2s.2p2,4P,5/2,2p3,4S*,3/2,,T7003,L5601
K,13,19.9567,0.0010,19.9575,0.0012,10p,1.85e+09,,19.9181,82.042,2s2.2p3,2P*,1/2,2s.(2S).2p4.(1D),2D,3/2,,T6791,L5579
K,8,19.9922,0.0005,19.9888,0.0023,6,2.63e+10,,16.314,78.341,3s.3p,3P*,2,3s.4s,3S,1,,T7942,L3851
K,14,20.0097,0.0010,20.010,0.003,2,4.36e+10,,93.614,155.577,2s.(2S).2p3.(2P*),1P*,1,2p4,1S,0,,T5052,L5600
K,13,20.1505,0.0010,20.1505,0.0008,500p,7.52e+09,,0.0000,61.5291,2s2.2p3,4S*,3/2,2s.(2S).2p4.(3P),4P,3/2,,T6791,L5579
K,13,20.2104,0.0010,20.2126,0.0012,500p,3.05e+09,,20.8409,82.181,2s2.2p3,2P*,3/2,2s.(2S).2p4.(1D),2D,5/2,,T6791,L5579
K,12,20.2545,0.0010,20.2521,0.0008,40,2.47e+08,,9.86753,71.0880,2s2.2p4,1D,2,2s.2p5,3P*,2,,T7370,L5515
K,8,20.3137,0.0005,20.313,0.003,0,7.09e+09,,37.961,98.997,3p2,3P,1,3p.4s,3P*,2,,T7942,L3851
K,8,20.3701,0.0005,20.370,0.003,1,9.24e+09,,37.793,98.660,3p2,3P,0,3p.4s,3P*,1,,T7942,L3851
K,14,20.4014,0.0010,20.402,0.003,3,3.37e+09,,66.944,127.715,2s.(2S).2p3.(2P*),3P*,2,2p4,3P,2,,T5052,L5600
K,8,20.4201,0.0005,20.420,0.003,1,2.06e+10,,38.281,98.997,3p2,3P,2,3p.4s,3P*,2,,T7942,L3851
K,8,20.4260,0.0005,20.426,0.003,1,6.87e+09,,37.961,98.660,3p2,3P,1,3p.4s,3P*,1,,T7942,L3851
K,8,20.4644,0.0005,20.464,0.003,2,2.85e+10,,37.961,98.547,3p2,3P,1,3p.4s,3P*,0,,T7942,L3851
K,8,20.5344,0.0005,20.534,0.003,2,9.94e+09,,38.281,98.660,3p2,3P,2,3p.4s,3P*,1,,T7942,L3851
K,19,,,20.561377,0.000015,,1.1748e+10,AA,(4736.93900),(4797.238556),5p,2P*,1/2,6s,2S,1/2,,T7771,
K,19,,,20.568056,0.000019,,3.1931e+10,AA,(4736.95139),(4797.231373),5s,2S,1/2,6p,2P*,1/2,,T7771,
K,9,20.5769,0.0005,20.5769,0.0009,6,9.27e+10,,46.47758,106.7317,2p6.3d,2D,3/2,2p6.4f,2F*,5/2,,T7942,L3851
K,9,20.5860,0.0005,20.5860,0.0009,7,9.93e+10,,46.50920,106.7366,2p6.3d,2D,5/2,2p6.4f,2F*,7/2,,T7942,L3851
K,9,,,20.5877,0.0009,,6.70e+10,C+',46.50920,106.7317,2p6.3d,2D,5/2,2p6.4f,2F*,5/2,,T1619interp,
K,16,20.6270,0.0015,20.627,0.004,,1.02e+10,,0.000,60.108,2s2,1S,0,2s.2p,1P*,1,,T6876,L2563
K,19,,,20.6468155,0.0000003,,2.1457e+11,AA,(4737.5486108),(4797.59864539),5g,2G,9/2,6h,2H*,11/2,,T7771,
K,19,,,20.692777,0.000012,,2.4281e+10,AA,(4737.32190),(4797.238556),5p,2P*,3/2,6s,2S,1/2,,T7771,
K,19,,,20.695019,0.000009,,1.3120e+10,AA,(4737.321208),(4797.231373),5d,2D,3/2,6p,2P*,1/2,,T7771,
K,7,20.7568,0.0005,20.7539,0.0003,2*,,,31.0784,90.8184,3s2.3d,2D,3/2,3s2.5f,2F*,5/2,,,L3851
K,7,20.7568,0.0005,20.7592,0.0003,2*,,,31.0936,90.8184,3s2.3d,2D,5/2,3s2.5f,2F*,7/2,,,
K,7,20.7568,0.0005,20.7592,0.0003,2*,,,31.0936,90.8184,3s2.3d,2D,5/2,3s2.5f,2F*,5/2,,,
K,13,20.8106,0.0010,20.8106,0.0009,200,6.80e+09,,0.0000,59.5774,2s2.2p3,4S*,3/2,2s.(2S).2p4.(3P),4P,5/2,,T6791,L5579
K,16,21.342,0.005,21.342,0.005,,4.54e+08,,33.983,92.077,2s.2p,3P*,2,2p2,1D,2,,T5994,L5217
K,5,21.435,0.002,,,100,,,,,,,,,,,,,L3496
K,14,21.7615,0.0010,21.763,0.003,3,3.38e+09,,0.0000,56.970,2s2.2p2,3P,0,2s.(2S).2p3.(2D*),3D*,1,,T5052,L5600
K,7,21.8990,0.0005,21.8987,0.0003,1,,,18.83120,75.4484,3s.3p2,2D,3/2,3s2.4f,2F*,5/2,,,L3851
K,7,21.9071,0.0005,,,2,,,,,,,,,,,,,L3851
K,13,21.9793,0.0010,21.979,0.003,15,1.63e+10,,99.361,155.772,2s.(2S).2p4.(3P),2P,3/2,2p5,2P*,3/2,,T6791,L5579
K,7,22.0629,0.0005,22.0627,0.0003,3,9.16e+09,,14.3855,70.5817,3s.3p2,4P,3/2,3s.3p.4s,4P*,5/2,,T7942,L3851
K,7,22.1035,0.0005,22.1034,0.0003,3,1.26e+10,,14.2444,70.3372,3s.3p2,4P,1/2,3s.3p.4s,4P*,3/2,,T7942,L3851
K,8,22.1281,0.0005,22.128,0.003,4,2.91e+10,,23.872,79.902,3s.3p,1P*,1,3s.4s,1S,0,,T7942,L3851
K,7,22.1479,0.0005,22.1476,0.0003,5,2.13e+10,,14.6009,70.5817,3s.3p2,4P,5/2,3s.3p.4s,4P*,5/2,,T7942,L3851
K,7,22.1564,0.0005,22.1561,0.0003,1,5.00e+09,,14.2444,70.2037,3s.3p2,4P,1/2,3s.3p.4s,4P*,1/2,,T7942,L3851
K,7,22.1595,0.0005,22.1591,0.0003,1,4.02e+09,,14.3855,70.3372,3s.3p2,4P,3/2,3s.3p.4s,4P*,3/2,,T7942,L3851
K,7,22.2121,0.0005,22.2122,0.0003,3,2.50e+10,,14.3855,70.2037,3s.3p2,4P,3/2,3s.3p.4s,4P*,1/2,,T7942,L3851
K,7,22.2449,0.0005,22.2448,0.0003,2,1.36e+10,,14.6009,70.3372,3s.3p2,4P,5/2,3s.3p.4s,4P*,3/2,,T7942,L3851
K,14,22.4457,0.0010,22.446,0.003,6,4.00e+09,,1.6409,56.878,2s2.2p2,3P,1,2s.(2S).2p3.(2D*),3D*,2,,T5052,L5600
K,7,22.7625,0.0005,22.7623,0.0004,5,1.03e+10,,0.00000,54.4690,3s2.3p,2P*,1/2,3s2.4s,2S,1/2,,T7942,L3851
K,7,22.9258,0.0005,22.9259,0.0003,6,2.10e+10,,0.388601,54.4690,3s2.3p,2P*,3/2,3s2.4s,2S,1/2,,T7942,L3851
K,8,23.0656,0.0005,23.066,0.003,2,6.37e+10,,45.642,99.395,3s.3d,3D,1,3s.4f,3F*,2,,T7942,L3851
K,8,23.0694,0.0005,23.069,0.003,3,6.74e+10,,45.652,99.396,3s.3d,3D,2,3s.4f,3F*,3,,T7942,L3851
K,15,23.071,0.005,23.071,0.008,bl,9.01e+08,,55.044,108.784,2s.2p2,2D,3/2,2p3,2D*,5/2,,T7003,L5217
K,8,23.0750,0.0005,23.075,0.003,4,7.59e+10,,45.668,99.399,3s.3d,3D,3,3s.4f,3F*,4,,T7942,L3851
K,15,23.100,0.005,23.104,0.005,bl,3.26e+09,,68.546,122.210,2s.2p2,2S,1/2,2p3,2P*,3/2,,T7003,L5217
K,14,23.1066,0.0010,23.107,0.003,3,3.69e+09,,3.4995,57.157,2s2.2p2,3P,2,2s.(2S).2p3.(2D*),3D*,3,,T5052,L5600
K,14,23.1297,0.0010,23.130,0.004,6,1.84e+10,,83.870,137.474,2s.(2S).2p3.(2D*),1D*,2,2p4,1D,2,,T5052,L5600
K,15,23.154,0.005,23.154,0.006,,7.18e+09,,55.236,108.784,2s.2p2,2D,5/2,2p3,2D*,5/2,,T7003,L5217
K,15,23.234,0.005,23.236,0.008,,5.61e+09,,55.044,108.402,2s.2p2,2D,3/2,2p3,2D*,3/2,,T7003,L5217
K,15,23.322,0.005,23.320,0.006,,1.74e+09,,55.236,108.402,2s.2p2,2D,5/2,2p3,2D*,3/2,,T7003,L5217
K,16,23.587,0.005,23.586,0.005,,2.45e+09,,[31.3082],83.875,2s.2p,3P*,1,2p2,3P,2,,T5994,L5217
K,16,23.926,0.005,23.926,0.005,,1.72e+10,,60.108,111.928,2s.2p,1P*,1,2p2,1S,0,,T5994,L5217
K,16,24.001,0.005,23.999,0.007,,3.08e+09,,30.193,81.854,2s.2p,3P*,0,2p2,3P,1,,T5994,L5217
K,15,24.0083,0.0010,24.010,0.004,3,3.41e+09,,3.5976,55.236,2s2.2p,2P*,3/2,2s.2p2,2D,5/2,,T7003,L5601
K,16,24.531,0.005,24.529,0.005,,2.15e+09,,[31.3082],81.854,2s.2p,3P*,1,2p2,3P,1,,T5994,L5217
K,16,24.852,0.005,24.850,0.007,,5.94e+09,,33.983,83.875,2s.2p,3P*,2,2p2,3P,2,,T5994,L5217
K,16,25.368,0.005,25.368,0.005,,7.80e+09,,[31.3082],80.183,2s.2p,3P*,1,2p2,3P,0,,T5994,L5217
K,15,25.576,0.005,25.575,0.008,,7.45e+09,,72.935,121.414,2s.2p2,2P,1/2,2p3,2P*,1/2,,T7003,L5217
K,8,25.6222,0.002,25.622,0.004,0,5.60e+10,,51.953,100.343,3s.3d,1D,2,3s.4f,1F*,3,,T7942,L1558
K,6,25.683,0.002,25.6829,0.0020,3,3.75e+09,,0.140415,48.415,3s2.3p2,3P,1,3s2.3p.4s,3P*,2,,T4909,L3496
K,6,25.766,0.002,25.7655,0.0020,2,4.78e+09,,0.00000,48.120,3s2.3p2,3P,0,3s2.3p.4s,3P*,1,,T4909,L3496
K,6,25.802,0.002,25.8019,0.0020,4,1.10e+10,,0.36293,48.415,3s2.3p2,3P,2,3s2.3p.4s,3P*,2,,T4909,L3496
K,6,25.841,0.002,25.8409,0.0020,1,3.46e+09,,0.140415,48.120,3s2.3p2,3P,1,3s2.3p.4s,3P*,1,,T4909,L3496
K,15,25.862,0.005,25.866,0.006,,7.83e+09,,74.276,122.210,2s.2p2,2P,3/2,2p3,2P*,3/2,,T7003,L5217
K,6,25.887,0.002,25.8873,0.0020,3,1.46e+10,,0.140415,48.034,3s2.3p2,3P,1,3s2.3p.4s,3P*,0,,T4909,L3496
K,16,25.901,0.005,25.899,0.008,,3.03e+09,,33.983,81.854,2s.2p,3P*,2,2p2,3P,1,,T5994,L5217
K,6,25.961,0.002,25.9613,0.0020,2,6.11e+09,,0.36293,48.120,3s2.3p2,3P,2,3s2.3p.4s,3P*,1,,T4909,L3496
K,9,,,25.9863,0.0020,,1.9e+09,D,46.47758,94.189,2p6.3d,2D,3/2,2p6.4p,2P*,3/2,,"T1619interp,LS",
K,9,26.0042,0.002,26.0035,0.0020,50,1.03e+10,,46.50920,94.189,2p6.3d,2D,5/2,2p6.4p,2P*,3/2,,T7942,L3896
K,9,26.0822,0.002,26.0828,0.0020,25,1.16e+10,,46.47758,94.013,2p6.3d,2D,3/2,2p6.4p,2P*,1/2,,T7942,L3896
K,2,26.103,0.002,,,5,,,,,,,,,,,,,L3496
K,2,26.120,0.002,,,5,,,,,,,,,,,,,L3496
K,6,26.634,0.002,26.6353,0.0021,4,2.18e+10,,2.35295,48.902,3s2.3p2,1D,2,3s2.3p.4s,1P*,1,,T4909,L3496
K,4,27.182,,27.1822,0.0022,150,,,0.00000,45.612,3s2.3p4,3P,2,3s2.3p3.(4S*).5s,3S*,1,,,L497
K,4,27.306,0.002,27.3063,0.0022,100,,,0.20726,45.612,3s2.3p4,3P,1,3s2.3p3.(4S*).5s,3S*,1,,,"L3496,L497"
K,4,27.355,,27.3548,0.0022,50,,,0.28779,45.612,3s2.3p4,3P,0,3s2.3p3.(4S*).5s,3S*,1,,,L497
K,7,27.9433,0.002,27.9433,0.0006,0,,,31.0784,75.4484,3s2.3d,2D,3/2,3s2.4f,2F*,5/2,,,L1111
K,7,27.9521,0.002,27.9526,0.0006,0,,,31.0936,75.4488,3s2.3d,2D,5/2,3s2.4f,2F*,7/2,,,L1111
K,5,28.236,0.002,,,150,,,,,,,,,,,,,L3496
K,14,28.357,0.005,28.378,0.006,,4.15e+09,,84.025,127.715,2s.(2S).2p3.(4S*),3S*,1,2p4,3P,2,,T5052,L5217
K,6,28.486,0.002,28.4851,0.0024,0,3.34e+09,,5.37581,48.902,3s2.3p2,1S,0,3s2.3p.4s,1P*,1,,T4909,L3496
K,5,29.305,0.002,29.3052,0.0009,100,3.54e+09,,4.92938,47.2372,3s2.3p3,2P*,1/2,3s2.3p2.(1S).4s,2S,1/2,,T7942,L3496
K,5,29.333,0.002,29.3329,0.0009,150,6.37e+09,,4.96931,47.2372,3s2.3p3,2P*,3/2,3s2.3p2.(1S).4s,2S,1/2,,T7942,L3496
K,5,29.484,0.002,29.4836,0.0009,300,4.78e+09,,0.00000,42.0520,3s2.3p3,4S*,3/2,3s2.3p2.(3P).4s,4P,5/2,,T7942,L3496
K,5,29.617,0.002,29.6169,0.0009,200,4.71e+09,,0.00000,41.8626,3s2.3p3,4S*,3/2,3s2.3p2.(3P).4s,4P,3/2,,T7942,L3496
K,5,29.706,0.002,29.7064,0.0009,200,4.68e+09,,0.00000,41.7366,3s2.3p3,4S*,3/2,3s2.3p2.(3P).4s,4P,1/2,,T7942,L3496
K,5,30.025,0.002,30.0266,0.0009,200,6.13e+09,,2.97717,44.2686,3s2.3p3,2D*,3/2,3s2.3p2.(1D).4s,2D,3/2,,T7942,L3496
K,5,30.050,0.002,30.0515,0.0009,200,6.46e+09,,3.00657,44.2638,3s2.3p3,2D*,5/2,3s2.3p2.(1D).4s,2D,5/2,,T7942,L3496
K,5,31.124,0.002,31.1245,0.0010,200,1.00e+10,,3.00657,42.8415,3s2.3p3,2D*,5/2,3s2.3p2.(3P).4s,2P,3/2,,T7942,L3496
K,5,31.277,0.002,31.2766,0.0010,250,1.16e+10,,2.97717,42.6183,3s2.3p3,2D*,3/2,3s2.3p2.(3P).4s,2P,1/2,,T7942,L3496
K,5,31.518,0.002,31.5167,0.0010,200,1.44e+09,,4.92938,44.2686,3s2.3p3,2P*,1/2,3s2.3p2.(1D).4s,2D,3/2,,T7942,L3496
K,5,31.554,0.002,31.5525,0.0010,150,1.77e+09,,4.96931,44.2638,3s2.3p3,2P*,3/2,3s2.3p2.(1D).4s,2D,5/2,,T7942,L3496
K,3,32.528,0.002,,,2,,,,,,,,,,,,,L3496
K,17,32.67675,0.00032,32.6767,0.0003,j,1.73e+09,,0.0000,[37.9426],1s2.2s,2S,1/2,1s2.2p,2P*,3/2,,T6659,"u57,L4341,L19400,L5217"
K,5,32.703,0.002,32.7030,0.0011,100,1.16e+09,,4.92938,42.8415,3s2.3p3,2P*,1/2,3s2.3p2.(3P).4s,2P,3/2,,T7942,L3496
K,5,32.738,0.002,32.7375,0.0011,250,4.56e+09,,4.96931,42.8415,3s2.3p3,2P*,3/2,3s2.3p2.(3P).4s,2P,3/2,,T7942,L3496
K,3,32.760,0.002,,,5,,,,,,,,,,,,,L3496
K,5,32.897,,32.8967,0.0011,100,3.40e+09,,4.92938,42.6183,3s2.3p3,2P*,1/2,3s2.3p2.(3P).4s,2P,1/2,,T7942,L497
K,3,32.905,0.002,32.9053,0.0020,10,,,0.0000,37.6790,3s2.3p5,2P*,3/2,3s2.3p4.(3P).3d,2D,3/2,,,L3496
K,5,32.931,0.002,32.9316,0.0011,50,1.08e+09,,4.96931,42.6183,3s2.3p3,2P*,3/2,3s2.3p2.(3P).4s,2P,1/2,,T7942,L3496
K,3,33.068,0.002,33.0683,0.0020,25,,,0.0000,37.4933,3s2.3p5,2P*,3/2,3s2.3p4.(3P).3d,2D,5/2,,,L3496
K,3,33.142,0.002,33.1415,0.0020,5,,,0.268475,37.6790,3s2.3p5,2P*,1/2,3s2.3p4.(3P).3d,2D,3/2,,,L3496
K,4,34.046,0.002,34.0460,0.0020,300,1.85e+09,,0.00000,36.4166,3s2.3p4,3P,2,3s2.3p3.(2P*).4s,3P*,2,,T4943,L3496
K,4,34.074,0.002,34.0749,0.0020,150,9.38e+08,,0.00000,36.3858,3s2.3p4,3P,2,3s2.3p3.(2P*).4s,3P*,1,,T4943,L3496
K,3,34.192,0.002,,,30,,,,,,,,,,,,,L3496
K,4,34.241,0.002,34.2409,0.0020,150,9.44e+08,,0.20726,36.4166,3s2.3p4,3P,1,3s2.3p3.(2P*).4s,3P*,2,,T4943,L3496
K,4,34.280,0.002,34.2806,0.0020,100,2.72e+09,,0.20726,36.3747,3s2.3p4,3P,1,3s2.3p3.(2P*).4s,3P*,0,,T4943,L3496
K,3,34.540,0.002,34.5400,0.0021,10,,,0.0000,35.8958,3s2.3p5,2P*,3/2,3s2.3p4.(1D).5s,2D,3/2,,,L3496
K,3,34.800,0.002,34.8003,0.0021,15,,,0.268475,35.8958,3s2.3p5,2P*,1/2,3s2.3p4.(1D).5s,2D,3/2,,,L3496
K,5,34.950,0.002,,,200,,,,,,,,,,,,,L3496
K,7,35.2465,0.0010,35.2468,0.0007,4,,,36.9594,72.1355,3p3,2D*,5/2,3p2.(3P).3d,2F,7/2,,,L11207
K,7,35.2874,0.0010,35.2874,0.0007,3,,,36.9210,72.0565,3p3,2D*,3/2,3p2.(3P).3d,2F,5/2,,,L11207
K,4,35.414,,35.4144,0.0020,300,,,0.00000,35.0095,3s2.3p4,3P,2,3s2.3p3.(2D*).4s,1D*,2,,,L497
K,4,35.493,,35.4927,0.0023,300,3.25e+09,,2.03136,36.9637,3s2.3p4,1D,2,3s2.3p3.(2P*).4s,1P*,1,,T4943,L497
K,4,35.626,,35.6253,0.0020,150,,,0.20726,35.0095,3s2.3p4,3P,1,3s2.3p3.(2D*).4s,1D*,2,,,L497
K,7,35.6643,0.0010,35.6640,0.0006,4,1.64e+10,,18.83120,53.5958,3s.3p2,2D,3/2,3s.3p.(1P*).3d,2F*,5/2,,T7942,L10660
K,7,35.7704,0.0010,35.7703,0.0006,6,1.76e+10,,18.85201,53.5132,3s.3p2,2D,5/2,3s.3p.(1P*).3d,2F*,7/2,,T7942,L10660
K,4,35.973,0.002,35.9730,0.0020,300,1.49e+09,,0.00000,34.4659,3s2.3p4,3P,2,3s2.3p3.(2D*).4s,3D*,3,,T4943,L3496
K,4,35.991,0.002,35.9906,0.0020,200,4.63e+08,,0.00000,34.4490,3s2.3p4,3P,2,3s2.3p3.(2D*).4s,3D*,2,,T4943,L3496
K,4,36.057,,36.0573,0.0022,50,1.23e+08,,2.03136,36.4166,3s2.3p4,1D,2,3s2.3p3.(2P*).4s,3P*,2,,T4943,L497
K,4,36.208,0.002,36.2085,0.0020,250,8.55e+08,,0.20726,34.4490,3s2.3p4,3P,1,3s2.3p3.(2D*).4s,3D*,2,,T4943,L3496
K,4,36.215,0.002,36.2161,0.0020,150,5.76e+08,,0.20726,34.4418,3s2.3p4,3P,1,3s2.3p3.(2D*).4s,3D*,1,,T4943,L3496
K,8,36.2275,0.0010,36.218,0.007,6,1.51e+10,,37.235,71.467,3p2,1D,2,3p.3d,1F*,3,,T7942,L10522
K,4,36.302,0.002,36.3015,0.0020,150,5.57e+08,,0.28779,34.4418,3s2.3p4,3P,0,3s2.3p3.(2D*).4s,3D*,1,,T4943,L3496
K,7,36.3418,0.0010,36.3412,0.0007,2,,,41.5874,75.7041,3p3,2P*,1/2,3p2.(3P).3d,2D,3/2,,,L11207
K,7,36.4891,0.0010,36.4902,0.0008,4,,,41.5917,75.5691,3p3,2P*,3/2,3p2.(3P).3d,2D,5/2,,,L11207
K,17,36.5647,0.0007,36.5647,0.0007,j,1.22e+09,,0.0000,[33.9082],1s2.2s,2S,1/2,1s2.2p,2P*,1/2,,T6659,"u57,L3604,L4341"
K,4,36.803,0.002,36.8017,0.0020,200,2.46e+08,,0.20726,33.8970,3s2.3p4,3P,1,3s2.3p3.(2P*).3d,1D*,2,,T4943,L64
K,5,37.215,0.002,37.2148,0.0014,500,5.23e+10,,3.00657,36.3224,3s2.3p3,2D*,5/2,3s2.3p2.(1D).3d,2F,7/2,,T7942,L3496
K,5,37.246,0.002,37.2461,0.0014,200,4.86e+10,,2.97717,36.2650,3s2.3p3,2D*,3/2,3s2.3p2.(1D).3d,2F,5/2,,T7942,L3496
K,5,37.277,0.002,37.2790,0.0014,200,3.79e+09,,3.00657,36.2650,3s2.3p3,2D*,5/2,3s2.3p2.(1D).3d,2F,5/2,,T7942,L3496
K,8,37.3581,0.0010,37.360,0.008,2,6.25e+08,,38.281,71.467,3p2,3P,2,3p.3d,1F*,3,,T7942,L10522
K,6,37.494,0.002,37.4940,0.0023,5,3.38e+10,,2.35295,35.4207,3s2.3p2,1D,2,3s2.3p.3d,1F*,3,,T4909,L1111
K,7,37.5124,0.0010,37.5122,0.0008,2,,,48.8953,81.9470,3s.3p.(3P*).3d,2F*,5/2,3s.3d2,2F,5/2,,,L11207
K,4,37.596,,37.5958,0.0023,300,3.02e+09,,2.03136,35.0095,3s2.3p4,1D,2,3s2.3p3.(2D*).4s,1D*,2,,T4943,L497
K,5,37.596,0.002,37.5959,0.0014,300,,,3.00657,35.9847,3s2.3p3,2D*,5/2,3s2.3p2.(1D).3d,2P,3/2,,,L3496
K,5,37.776,0.002,37.7761,0.0015,250,4.0e+10,,4.92938,37.7502,3s2.3p3,2P*,1/2,3s2.3p2.(1S).3d,2D,3/2,,T4943,L3496
K,5,37.822,0.002,37.8221,0.0015,150,8.3e+09,,4.96931,37.7502,3s2.3p3,2P*,3/2,3s2.3p2.(1S).3d,2D,3/2,,T4943,L3496
K,7,37.8538,0.0010,37.8543,0.0008,2,,,49.2035,81.9565,3s.3p.(3P*).3d,2F*,7/2,3s.3d2,2F,7/2,,,L11207
K,5,37.912,0.002,37.9118,0.0015,300,4.8e+10,,4.96931,37.6726,3s2.3p3,2P*,3/2,3s2.3p2.(1S).3d,2D,5/2,,T4943,L3496
K,3,37.912,0.002,37.9118,0.0021,30,,,0.0000,32.7033,3s2.3p5,2P*,3/2,3s2.3p4.(3P).5s,2P,1/2,,,L3496
K,4,37.928,0.002,37.9279,0.0020,100,1.42e+09,,0.00000,32.6894,3s2.3p4,3P,2,3s2.3p3.(2P*).3d,3D*,1,,T4943,L64
K,4,37.988,0.002,37.9877,0.0023,300,6.76e+10,,2.03136,34.6693,3s2.3p4,1D,2,3s2.3p3.(2P*).3d,1F*,3,,T4943,L64
K,4,38.048,0.002,38.0476,0.0020,250,1.43e+10,,0.00000,32.5866,3s2.3p4,3P,2,3s2.3p3.(2P*).3d,3D*,2,,T4943,L64
K,3,38.048,0.002,38.0477,0.0021,25,,,0.0000,32.5865,3s2.3p5,2P*,3/2,3s2.3p4.(3P).5s,2P,3/2,,,L3496
K,4,38.170,0.002,38.1699,0.0020,200,2.60e+10,,0.20726,32.6894,3s2.3p4,3P,1,3s2.3p3.(2P*).3d,3D*,1,,T4943,L64
K,4,38.223,0.002,38.2229,0.0021,300,6.49e+10,,0.00000,32.4371,3s2.3p4,3P,2,3s2.3p3.(2P*).3d,3D*,3,,T4943,L64
K,3,38.223,0.002,38.2256,0.0020,30,,,0.268475,32.7033,3s2.3p5,2P*,1/2,3s2.3p4.(3P).5s,2P,1/2,,,L3496
K,4,38.249,,38.2459,0.0022,150,,,2.03136,34.4490,3s2.3p4,1D,2,3s2.3p3.(2D*).4s,3D*,2,,,L497
K,4,38.265,0.002,38.2648,0.0021,200,3.62e+10,,0.28779,32.6894,3s2.3p4,3P,0,3s2.3p3.(2P*).3d,3D*,1,,T4943,L64
K,4,38.291,0.002,38.2911,0.0021,300,5.04e+10,,0.20726,32.5866,3s2.3p4,3P,1,3s2.3p3.(2P*).3d,3D*,2,,T4943,L64
K,5,38.332,0.002,38.3315,0.0015,100,4.97e+08,,0.00000,32.3452,3s2.3p3,4S*,3/2,3s.3p4,2P,1/2,,T7942,L3496
K,10,38.358,0.01,38.401,0.004,"m,j",3.38e+09,,298.4120,330.6986,2s2.2p5.(2P*<3/2>).3s,2[3/2]*,1,2s2.2p5.(2P*<3/2>).3p,2[1/2],0,,T6036,L11284
K,4,38.410,0.002,38.410,0.003,250,6.48e+10,,4.77913,37.0586,3s2.3p4,1S,0,3s2.3p3.(2P*).3d,1P*,1,,T4943,L3496
K,6,38.451,0.002,38.4513,0.0021,2,1.47e+10,,0.00000,32.2444,3s2.3p2,3P,0,3s2.3p.3d,3D*,1,,T4909,L1111
K,6,38.555,0.002,38.5549,0.0021,4,2.04e+10,,0.140415,32.2983,3s2.3p2,3P,1,3s2.3p.3d,3D*,2,,T4909,L1111
K,5,38.780,0.002,38.7800,0.0015,300,4.26e+10,,0.00000,31.9712,3s2.3p3,4S*,3/2,3s2.3p2.(3P).3d,4P,5/2,,T7942,L3496
K,6,38.781,0.002,38.7809,0.0021,6,3.16e+10,,0.36293,32.3333,3s2.3p2,3P,2,3s2.3p.3d,3D*,3,,T4909,L1111
K,6,38.824,0.002,38.8235,0.0021,3,1.15e+10,,0.36293,32.2983,3s2.3p2,3P,2,3s2.3p.3d,3D*,2,,T4909,L1111
K,4,38.892,0.002,38.8920,0.0020,250,2.18e+10,,0.00000,31.8791,3s2.3p4,3P,2,3s2.3p3.(2P*).3d,3P*,1,,T4943,L64
K,5,38.907,0.002,38.9071,0.0015,250,3.11e+10,,2.97717,34.8439,3s2.3p3,2D*,3/2,3s2.3p2.(1D).3d,2D,3/2,,T7942,L3496
K,4,38.907,0.002,38.9084,0.0023,250,6.17e+10,,2.03136,33.8970,3s2.3p4,1D,2,3s2.3p3.(2P*).3d,1D*,2,,T4943,L64
K,5,38.943,0.002,38.9430,0.0015,100,3.86e+09,,3.00657,34.8439,3s2.3p3,2D*,5/2,3s2.3p2.(1D).3d,2D,3/2,,T7942,L3496
K,5,38.975,0.002,38.9753,0.0015,100,2.29e+09,,2.97717,34.7881,3s2.3p3,2D*,3/2,3s2.3p2.(1D).3d,2D,5/2,,T7942,L3496
K,5,39.011,0.002,39.0114,0.0016,250,3.11e+10,,3.00657,34.7881,3s2.3p3,2D*,5/2,3s2.3p2.(1D).3d,2D,5/2,,T7942,L3496
K,4,39.042,0.002,39.0416,0.0020,250,5.76e+10,,0.20726,31.9642,3s2.3p4,3P,1,3s2.3p3.(2P*).3d,3P*,0,,T4943,L64
K,4,39.057,0.002,39.0576,0.0020,300,4.51e+10,,0.00000,31.7439,3s2.3p4,3P,2,3s2.3p3.(2P*).3d,3P*,2,,T4943,L64
K,7,39.1129,0.0010,39.1129,0.0009,1,,,41.5134,73.2124,3s.3p.3d,4F*,5/2,3s.3d2,4F,5/2,,,L11207
K,4,39.146,0.002,39.1466,0.0020,200,1.73e+10,,0.20726,31.8791,3s2.3p4,3P,1,3s2.3p3.(2P*).3d,3P*,1,,T4943,L64
K,4,39.227,0.002,39.227,0.003,100,,,4.77913,36.3858,3s2.3p4,1S,0,3s2.3p3.(2P*).4s,3P*,1,,,L3496
K,7,39.2403,0.0010,39.2403,0.0009,2,,,41.6271,73.2232,3s.3p.3d,4F*,7/2,3s.3d2,4F,7/2,,,L11207
K,4,39.247,0.002,39.2463,0.0020,200,1.80e+10,,0.28779,31.8791,3s2.3p4,3P,0,3s2.3p3.(2P*).3d,3P*,1,,T4943,L64
K,4,39.314,0.002,39.3143,0.0020,500,1.19e+10,,0.20726,31.7439,3s2.3p4,3P,1,3s2.3p3.(2P*).3d,3P*,2,,T4943,L64
K,7,39.4162,0.0010,39.4162,0.0009,2,,,41.7777,73.2329,3s.3p.3d,4F*,9/2,3s.3d2,4F,9/2,,,L11207
K,6,39.448,0.002,39.4473,0.0020,3,1.00e+10,,0.00000,31.4304,3s2.3p2,3P,0,3s2.3p.3d,3P*,1,,T4909,L1111
K,5,39.540,0.002,39.5403,0.0016,250,2.70e+10,,4.96931,36.3258,3s2.3p3,2P*,3/2,3s2.3p2.(1D).3d,2S,1/2,,T7942,L3496
K,6,39.541,0.002,39.5406,0.0020,3,2.08e+10,,0.140415,31.4966,3s2.3p2,3P,1,3s2.3p.3d,3P*,0,,T4909,L1111
K,16,,,39.601,0.013,,4.42e+06,,0.000,[31.3082],2s2,1S,0,2s.2p,3P*,1,,T6876,
K,6,39.624,0.002,39.6243,0.0020,1,2.99e+09,,0.140415,31.4304,3s2.3p2,3P,1,3s2.3p.3d,3P*,1,,T4909,L1111
K,7,39.7691,0.002,39.7666,0.0009,0,4.94e+09,,14.2444,45.4224,3s.3p2,4P,1/2,3s.3p.3d,4D*,3/2,,T7942,L1111
K,6,39.810,0.002,39.8098,0.0021,3,7.71e+09,,0.140415,31.2846,3s2.3p2,3P,1,3s2.3p.3d,3P*,2,,T4909,L1111
K,7,39.8354,0.002,39.8337,0.0009,1,1.46e+10,,14.2444,45.3699,3s.3p2,4P,1/2,3s.3p.3d,4D*,1/2,,T7942,L1111
K,5,39.836,0.002,39.8365,0.0016,200,2.91e+10,,4.92938,36.0526,3s2.3p3,2P*,1/2,3s2.3p2.(1D).3d,2P,1/2,,T7942,L3496
K,2,39.863,0.002,39.8630,0.0021,15,,,0.00000,31.1026,3p6,1S,0,3p5.8d,"(1/2,3/2)*",1,,,L3496
K,3,39.863,0.002,39.8632,0.0021,15,1.79e+10,,0.0000,31.1024,3s2.3p5,2P*,3/2,3s2.3p4.(1D).3d,2S,1/2,,T7942,L3496
K,5,39.888,0.002,39.8877,0.0016,200,6.86e+09,,4.96931,36.0526,3s2.3p3,2P*,3/2,3s2.3p2.(1D).3d,2P,1/2,,T7942,L3496
K,7,39.8943,0.002,39.8940,0.0009,4,1.79e+10,,0.00000,31.0784,3s2.3p,2P*,1/2,3s2.3d,2D,3/2,,T7942,L1111
K,6,39.908,0.002,39.9081,0.0021,2,7.84e+09,,0.36293,31.4304,3s2.3p2,3P,2,3s2.3p.3d,3P*,1,,T4909,L1111
K,6,39.942,0.002,39.942,0.003,2,2.59e+10,,5.37581,36.4170,3s2.3p2,1S,0,3s2.3p.3d,1P*,1,,T4909,L1111
K,7,39.9495,0.002,39.9474,0.0009,1,1.34e+10,,14.3855,45.4224,3s.3p2,4P,3/2,3s.3p.3d,4D*,3/2,,T7942,L1111
K,5,39.975,0.002,39.9751,0.0016,200,2.94e+10,,4.96931,35.9847,3s2.3p3,2P*,3/2,3s2.3p2.(1D).3d,2P,3/2,,T7942,L3496
K,7,40.0147,0.002,40.0150,0.0009,2,6.93e+09,,14.3855,45.3699,3s.3p2,4P,3/2,3s.3p.3d,4D*,1/2,,T7942,L1111
K,4,40.021,0.002,40.0213,0.0019,400,3.46e+10,,0.00000,30.9796,3s2.3p4,3P,2,3s2.3p3.(2D*).3d,3S*,1,,T4943,L64
K,2,40.09,0.07,40.08,0.06,,,,0.00000,30.93,3p6,1S,0,3p5.8d,"(3/2,3/2)*",1,,,L11572
K,6,40.096,0.002,40.0963,0.0021,4,1.12e+10,,0.36293,31.2846,3s2.3p2,3P,2,3s2.3p.3d,3P*,2,,T4909,L1111
K,7,40.0979,0.0010,40.0957,0.0009,7p,5.88e+09,,14.2444,45.1665,3s.3p2,4P,1/2,3s.3p.3d,4P*,1/2,,T7942,L10660
K,7,40.1553,0.002,40.1548,0.0009,3,2.17e+10,,14.6009,45.4774,3s.3p2,4P,5/2,3s.3p.3d,4D*,7/2,,T7942,L1111
K,7,40.1790,0.002,40.1771,0.0009,2,1.03e+10,,14.6009,45.4603,3s.3p2,4P,5/2,3s.3p.3d,4D*,5/2,,T7942,L1111
K,3,40.210,0.002,40.2103,0.0021,20,1.07e+10,,0.268475,31.1024,3s2.3p5,2P*,1/2,3s2.3p4.(1D).3d,2S,1/2,,T7942,L3496
K,7,40.2132,0.002,40.2126,0.0009,2,9.49e+09,,14.2444,45.0766,3s.3p2,4P,1/2,3s.3p.3d,4P*,3/2,,T7942,L1111
K,7,40.2291,0.002,40.2266,0.0009,0,2.88e+09,,14.6009,45.4224,3s.3p2,4P,5/2,3s.3p.3d,4D*,3/2,,T7942,L1111
K,7,40.2695,0.0010,40.2695,0.0009,2,,,36.9210,67.7096,3p3,2D*,3/2,3p2.(1D).3d,2D,3/2,,,L11207
K,7,40.2818,0.0010,40.2795,0.0009,2,7.38e+09,,14.3855,45.1665,3s.3p2,4P,3/2,3s.3p.3d,4P*,1/2,,T7942,L10660
K,4,40.291,0.002,40.2909,0.0019,300,1.71e+10,,0.20726,30.9796,3s2.3p4,3P,1,3s2.3p3.(2D*).3d,3S*,1,,T4943,L64
K,7,40.3800,0.002,40.3791,0.0007,6,2.11e+10,,0.388601,31.0936,3s2.3p,2P*,3/2,3s2.3d,2D,5/2,,T7942,L1111
K,2,40.39,0.07,40.39,0.07,,,,0.00000,30.70,3p6,1S,0,3p5.8d,"(3/2,5/2)*",1,,,L11572
K,4,40.397,0.002,40.3966,0.0020,250,5.26e+09,,0.28779,30.9796,3s2.3p4,3P,0,3s2.3p3.(2D*).3d,3S*,1,,T4943,L64
K,7,40.3991,0.002,40.3975,0.0009,3*,,,14.3855,45.0766,3s.3p2,4P,3/2,3s.3p.3d,4P*,3/2,,,L1111
K,7,40.3991,0.002,40.3992,0.0007,3*,3.71e+09,,0.388601,31.0784,3s2.3p,2P*,3/2,3s2.3d,2D,3/2,,T7942,L1111
K,4,40.441,0.002,40.4410,0.0023,150,1.14e+09,,2.03136,32.6894,3s2.3p4,1D,2,3s2.3p3.(2P*).3d,3D*,1,,T4943,L64
K,7,40.5345,0.002,40.5329,0.0009,2,7.88e+09,,14.3855,44.9740,3s.3p2,4P,3/2,3s.3p.3d,4P*,5/2,,T7942,L1111
K,2,40.56,0.07,40.55,0.07,,1.3e+09,,0.00000,30.57,3p6,1S,0,3p5.7d,"(1/2,3/2)*",1,,T6166,L11572
K,4,40.577,0.002,40.5770,0.0023,100,1.30e+08,,2.03136,32.5866,3s2.3p4,1D,2,3s2.3p3.(2P*).3d,3D*,2,,T4943,L64
K,1,40.5774,,,,"a,w",,,,,,,,,,,,,L6851
K,8,40.5813,0.0010,40.580,0.009,3,1.47e+10,,63.355,93.908,3p.3d,1D*,2,3d2,1D,2,,T7942,L10375
K,1,40.6170,,,,a,,,,,,,,,,,,,L6851
K,3,40.648,0.002,40.6488,0.0020,30,5.32e+06,,0.0000,30.5014,3s2.3p5,2P*,3/2,3s2.3p4.(1S).3d,2D,3/2,,T7942,L3496
K,1,40.6764,,,,a,,,,,,,,,,,,,L6851
K,2,40.68,0.07,40.68,0.07,,,,0.00000,30.48,3p6,1S,0,3p5.8s,"(1/2,1/2)*",1,,,L11572
K,7,40.6850,0.002,40.6830,0.0009,0,3.84e+09,,14.6009,45.0766,3s.3p2,4P,5/2,3s.3p.3d,4P*,3/2,,T7942,L1111
K,4,40.808,0.002,40.7765,0.0023,250,,,2.03136,32.4371,3s2.3p4,1D,2,3s2.3p3.(2P*).3d,3D*,3,,,L3496
K,2,40.81,0.07,40.82,0.07,,,,0.00000,30.38,3p6,1S,0,3p5.7d,"(3/2,5/2)*",1,,,L11572
K,7,40.8210,0.002,40.8203,0.0009,1,5.03e+09,,14.6009,44.9740,3s.3p2,4P,5/2,3s.3p.3d,4P*,5/2,,T7942,L1111
K,7,40.8498,0.0010,40.8495,0.0007,5,7.94e+09,,18.85201,49.2035,3s.3p2,2D,5/2,3s.3p.(3P*).3d,2F*,7/2,,T7942,L10660
K,4,40.896,0.002,40.8954,0.0023,400,4.59e+10,,2.03136,32.3487,3s2.3p4,1D,2,3s2.3p3.(2D*).3d,1P*,1,,T4943,L64
K,3,40.896,0.002,40.8959,0.0021,40,1.88e+08,,0.0000,30.3170,3s2.3p5,2P*,3/2,3s2.3p4.(1S).3d,2D,5/2,,T7942,L3496
K,7,40.9030,0.0010,40.9023,0.0007,5,2.34e+10,,25.60310,55.9154,3s.3p2,2P,1/2,3s.3p.(1P*).3d,2D*,3/2,,T7942,L10660
K,1,40.9259,,,,"a,w",,,,,,,,,,,,,L6851
K,2,40.96,0.07,40.97,0.07,,,,0.00000,30.26,3p6,1S,0,3p5.7d,"(3/2,3/2)*",1,,,L11572
K,1,40.9760,,,,a,,,,,,,,,,,,,L6851
K,3,41.010,0.002,41.0097,0.0020,40,2.36e+08,,0.268475,30.5014,3s2.3p5,2P*,1/2,3s2.3p4.(1S).3d,2D,3/2,,T7942,L3496
K,7,41.0120,0.0010,41.0120,0.0010,2,,,38.1897,68.4209,3p3,4S*,3/2,3p2.3d,4P,1/2,,,L11207
K,2,41.03,0.07,41.03,0.07,,,,0.00000,30.21,3p6,1S,0,3p5.8s,"(3/2,1/2)*",1,,,L11572
K,7,41.0792,0.0010,41.0784,0.0010,4,,,38.1897,68.3721,3p3,4S*,3/2,3p2.3d,4P,3/2,,,L11207
K,1,41.1016,,,,"a,w",,,,,,,,,,,,,L6851
K,7,41.1538,0.0010,41.1534,0.0008,60,3.09e+10,,25.84234,55.9697,3s.3p2,2P,3/2,3s.3p.(1P*).3d,2D*,5/2,,T7942,L10660
K,2,41.18,0.07,41.17,0.07,,2.6e+09,,0.00000,30.12,3p6,1S,0,3p5.6d,"(1/2,3/2)*",1,,T6166,L11572
K,7,41.1871,0.0010,41.1868,0.0010,4,,,38.1897,68.2926,3p3,4S*,3/2,3p2.3d,4P,5/2,,,L11207
K,7,41.228,0.002,41.2277,0.0008,2,7.25e+09,,25.84234,55.9154,3s.3p2,2P,3/2,3s.3p.(1P*).3d,2D*,3/2,,T7942,L10660
K,3,41.229,0.002,41.2288,0.0021,25,1.40e+10,,0.0000,30.0722,3s2.3p5,2P*,3/2,3s2.3p4.(3P).3d,2P,1/2,,T7942,L3496
K,7,41.2395,0.0010,41.2400,0.0008,5,7.17e+09,,18.83120,48.8953,3s.3p2,2D,3/2,3s.3p.(3P*).3d,2F*,5/2,,T7942,L10660
K,7,41.2681,0.0010,41.2685,0.0008,0,6.93e+08,,18.85201,48.8953,3s.3p2,2D,5/2,3s.3p.(3P*).3d,2F*,5/2,,T7942,L10660
K,3,41.379,0.002,41.3793,0.0021,50,6.24e+09,,0.0000,29.9629,3s2.3p5,2P*,3/2,3s2.3p4.(1S).4s,2S,1/2,,T7308,L3496
K,5,41.446,0.002,41.4462,0.0018,150,8.87e+08,,4.92938,34.8439,3s2.3p3,2P*,1/2,3s2.3p2.(1D).3d,2D,3/2,,T7942,L3496
K,10,41.454,0.002,41.453,0.005,90bl,1.81e+09,,321.2279,351.1378,2s2.2p5.(2P*<1/2>).3p,2[1/2],1,2s2.2p5.(2P*<1/2>).3d,2[3/2]*,1,,T6036,L7205
K,3,41.487,0.002,41.4865,0.0021,30,4.01e+10,,0.0000,29.8854,3s2.3p5,2P*,3/2,3s2.3p4.(3P).3d,2P,3/2,,T7942,L3496
K,2,41.49,0.07,41.49,0.07,bl*,,,0.00000,29.88,3p6,1S,0,3p5.6d,"(3/2,5/2)*",1,,,L11572
K,2,41.49,0.07,41.49,0.07,bl*,2.2e+08,,0.00000,29.88,3p6,1S,0,3p5.7s,"(1/2,1/2)*",1,,T6166,L11572
K,5,41.505,0.002,,,250,,,,,,,,,,,,,L3496
K,5,41.579,0.002,41.5792,0.0018,200,1.17e+09,,4.96931,34.7881,3s2.3p3,2P*,3/2,3s2.3p2.(1D).3d,2D,5/2,,T7942,L3496
K,3,41.600,0.002,41.6002,0.0021,30,2.83e+10,,0.268475,30.0722,3s2.3p5,2P*,1/2,3s2.3p4.(3P).3d,2P,1/2,,T7942,L3496
K,7,41.6250,0.0010,41.6247,0.0008,1,4.39e+09,,25.60310,55.3893,3s.3p2,2P,1/2,3s.3p.(1P*).3d,2P*,3/2,,T7942,L10660
K,7,41.6444,0.0010,41.6401,0.0008,2,8.80e+09,,25.60310,55.3783,3s.3p2,2P,1/2,3s.3p.(1P*).3d,2P*,1/2,,T7942,L10660
K,8,41.6642,0.0010,41.661,0.010,5,6.53e+09,B,15.882,45.642,3s.3p,3P*,0,3s.3d,3D,1,,T7942,L10522
K,4,41.728,0.002,41.7279,0.0023,150,,,2.03136,31.7439,3s2.3p4,1D,2,3s2.3p3.(2P*).3d,3P*,2,,,L64
K,2,41.73,0.07,41.74,0.07,,,,0.00000,29.71,3p6,1S,0,3p5.6d,"(3/2,3/2)*",1,,,L11572
K,3,41.754,0.002,41.7534,0.0021,30,1.03e+10,,0.268475,29.9629,3s2.3p5,2P*,1/2,3s2.3p4.(1S).4s,2S,1/2,,T7308,L3496
K,2,41.84,0.07,41.84,0.07,,,,0.00000,29.63,3p6,1S,0,3p5.7s,"(3/2,1/2)*",1,,,L11572
K,8,41.8456,0.002,41.842,0.010,2d,8.70e+09,,16.020,45.652,3s.3p,3P*,1,3s.3d,3D,2,,T7942,L1558
K,8,41.8582,0.002,41.855,0.010,1d,4.83e+09,B,16.020,45.642,3s.3p,3P*,1,3s.3d,3D,1,,T7942,L1558
K,3,41.862,0.002,41.8626,0.0021,30,2.78e+09,,0.268475,29.8854,3s2.3p5,2P*,1/2,3s2.3p4.(3P).3d,2P,3/2,,T7942,L3496
K,7,41.9621,0.0010,41.9617,0.0008,1,9.58e+09,,25.84234,55.3893,3s.3p2,2P,3/2,3s.3p.(1P*).3d,2P*,3/2,,T7942,L10660
K,7,41.9811,0.0010,41.9774,0.0008,2*,4.99e+09,,25.84234,55.3783,3s.3p2,2P,3/2,3s.3p.(1P*).3d,2P*,1/2,,T7942,L10660
K,7,41.9811,0.0010,41.9816,0.0008,2*,1.60e+10,,23.93943,53.4724,3s.3p2,2S,1/2,3s.3p.(3P*).3d,2P*,1/2,,T7942,L10660
K,8,42.0859,0.0010,42.085,0.010,6bl,6.81e+08,,62.635,92.095,3p.3d,3F*,3,3d2,3F,3,,T7942,L10375
K,7,42.1454,0.0010,42.1458,0.0008,8,1.84e+10,,23.93943,53.3573,3s.3p2,2S,1/2,3s.3p.(3P*).3d,2P*,3/2,,T7942,L10660
K,10,42.170,0.002,42.171,0.005,30,7.68e+09,,301.2986,330.6986,2s2.2p5.(2P*<1/2>).3s,2[1/2]*,1,2s2.2p5.(2P*<3/2>).3p,2[1/2],0,,T6036,L7205
K,2,42.20,0.07,42.19,0.07,,4.0e+09,,0.00000,29.38,3p6,1S,0,3p5.5d,"(1/2,3/2)*",1,,T6166,L11572
K,5,42.218,0.002,42.2173,0.0018,400,2.65e+10,,2.97717,32.3452,3s2.3p3,2D*,3/2,3s.3p4,2P,1/2,,T7942,L3496
K,8,42.2414,0.002,42.238,0.010,4d,1.13e+10,B,16.314,45.668,3s.3p,3P*,2,3s.3d,3D,3,,T7942,L1558
K,1,42.2514,,42.2515,0.0007,a,,,0.00000000,29.3443,3p6.4s,2S,1/2,3p5.3d.(1P*).23s,2P*,"1/2,3/2",,,L6851
K,1,42.2567,,42.2567,0.0007,a,,,0.00000000,29.3407,3p6.4s,2S,1/2,3p5.3d.(1P*).22s,2P*,"1/2,3/2",,,L6851
K,1,42.2634,,42.2633,0.0007,a,,,0.00000000,29.3361,3p6.4s,2S,1/2,3p5.3d.(1P*).21s,2P*,"1/2,3/2",,,L6851
K,8,42.2643,0.002,42.261,0.010,1d,2.82e+09,B,16.314,45.652,3s.3p,3P*,2,3s.3d,3D,2,,T7942,L1558
K,1,42.2710,,42.2710,0.0007,a,,,0.00000000,29.3308,3p6.4s,2S,1/2,3p5.3d.(1P*).20s,2P*,"1/2,3/2",,,L6851
K,8,,,42.275,0.010,,3.2e+08,D,16.314,45.642,3s.3p,3P*,2,3s.3d,3D,1,,T1002LS,
K,1,42.2803,,42.2803,0.0007,a,,,0.00000000,29.3244,3p6.4s,2S,1/2,3p5.3d.(1P*).19s,2P*,"1/2,3/2",,,L6851
K,1,42.2909,,42.2910,0.0007,a,,,0.00000000,29.3169,3p6.4s,2S,1/2,3p5.3d.(1P*).18s,2P*,"1/2,3/2",,,L6851
K,1,42.3042,,42.3042,0.0007,a,,,0.00000000,29.3078,3p6.4s,2S,1/2,3p5.3d.(1P*).17s,2P*,"1/2,3/2",,,L6851
K,1,42.3191,,42.3191,0.0007,a,,,0.00000000,29.2975,3p6.4s,2S,1/2,3p5.3d.(1P*).16s,2P*,"1/2,3/2",,,L6851
K,1,42.3374,,42.3374,0.0007,"a,w",,,0.00000000,29.2848,3p6.4s,2S,1/2,3p5.3d.(1P*).15s,2P*,"1/2,3/2",,,L6851
K,1,42.3603,,42.3603,0.0007,"a,w",,,0.00000000,29.2689,3p6.4s,2S,1/2,3p5.3d.(1P*).14s,2P*,"1/2,3/2",,,L6851
K,8,42.3738,0.0010,42.372,0.010,3,7.96e+09,,62.853,92.114,3p.3d,3F*,4,3d2,3F,4,,T7942,L10375
K,1,42.3862,,42.3862,0.0007,"a,w",,,0.00000000,29.2511,3p6.4s,2S,1/2,3p5.3d.(1P*).13s,2P*,"1/2,3/2",,,L6851
K,1,42.4227,,42.4227,0.0007,"a,w",,,0.00000000,29.2259,3p6.4s,2S,1/2,3p5.3d.(1P*).12s,2P*,"1/2,3/2",,,L6851
K,1,42.4715,,42.4715,0.0007,"a,w",,,0.00000000,29.1923,3p6.4s,2S,1/2,3p5.3d.(1P*).11s,2P*,"1/2,3/2",,,L6851
K,5,42.516,0.002,42.5055,0.0018,300,2.67e+08,,2.97717,32.1461,3s2.3p3,2D*,3/2,3s2.3p2.(3P).3d,4P,3/2,,T7942,L3496
K,5,42.559,0.002,42.5484,0.0018,500,5.95e+08,,3.00657,32.1461,3s2.3p3,2D*,5/2,3s2.3p2.(3P).3d,4P,3/2,,T7942,L3496
K,8,42.7851,0.0010,42.786,0.010,3,2.95e+09,,37.793,66.771,3p2,3P,0,3p.3d,3D*,1,,T7942,L10522
K,2,42.80,0.07,42.79,0.07,,,,0.00000,28.98,3p6,1S,0,3p5.5d,"(3/2,5/2)*",1,,,L11572
K,6,42.854,0.002,42.8542,0.0024,1,2.23e+09,,2.35295,31.2846,3s2.3p2,1D,2,3s2.3p.3d,3P*,2,,T4909,L1111
K,8,42.9461,0.0010,42.948,0.010,6,7.19e+09,,37.961,66.830,3p2,3P,1,3p.3d,3D*,2,,T7942,L10522
K,2,42.99,0.07,42.99,0.07,,,,0.00000,28.84,3p6,1S,0,3p5.6s,"(1/2,1/2)*",1,,,L11572
K,8,43.0349,0.0010,43.036,0.010,5,9.23e+09,,37.961,66.771,3p2,3P,1,3p.3d,3D*,1,,T7942,L10522
K,2,43.15,0.08,43.16,0.07,,,,0.00000,28.73,3p6,1S,0,3p5.5d,"(3/2,3/2)*",1,,,L11572
K,8,43.2142,0.0010,43.217,0.011,5,9.32e+09,,37.793,66.482,3p2,3P,0,3p.3d,3P*,1,,T7942,L10522
K,8,43.2640,0.0010,43.265,0.011,3,9.52e+09,,37.961,66.618,3p2,3P,1,3p.3d,3P*,0,,T7942,L10522
K,2,43.38,0.08,43.38,0.08,,,,0.00000,28.58,3p6,1S,0,3p5.6s,"(3/2,1/2)*",1,,,L11572
K,8,43.3978,0.0010,43.399,0.011,7,1.53e+10,,38.281,66.849,3p2,3P,2,3p.3d,3D*,3,,T7942,L10522
K,8,43.4267,0.0010,43.428,0.011,5,7.80e+09,,38.281,66.830,3p2,3P,2,3p.3d,3D*,2,,T7942,L10522
K,3,43.472,0.002,,,75,,,,,,,,,,,,,L3496
K,8,43.5166,0.0010,43.519,0.011,2,2.37e+09,,38.281,66.771,3p2,3P,2,3p.3d,3D*,1,,T7942,L10522
K,3,43.568,0.002,,,50,,,,,,,,,,,,,L3496
K,1,43.6251,,,,a,,,,,,,,,,,,,L6851
K,1,43.6424,,,,a,,,,,,,,,,,,,L6851
K,8,43.6426,0.0010,43.639,0.011,6,7.23e+09,,37.961,66.372,3p2,3P,1,3p.3d,3P*,2,,T7942,L10522
K,1,43.6626,,,,a,,,,,,,,,,,,,L6851
K,10,43.681,0.002,43.681,0.010,230,3.58e+09,,[314.4544],[342.838],2s2.2p5.(2P*<3/2>).3p,2[1/2],1,2s2.2p5.(2P*<3/2>).3d,2[3/2]*,2,,T6036,L7205
K,1,43.6901,,,,"a,w",,,,,,,,,,,,,L6851
K,1,43.7230,,,,"a,w",,,,,,,,,,,,,L6851
K,1,43.7645,,,,"a,w",,,,,,,,,,,,,L6851
K,1,43.7880,,,,a,,,,,,,,,,,,,L6851
K,5,43.802,0.002,,,250,,,,,,,,,,,,,L3496
K,10,43.804,0.002,43.804,0.005,50,3.34e+09,,318.2053,346.5098,2s2.2p5.(2P*<3/2>).3p,2[3/2],1,2s2.2p5.(2P*<3/2>).3d,2[3/2]*,1,,T6036,L7205
K,8,43.9022,0.0010,43.893,0.011,7bl,1.27e+10,,44.336,72.583,3p2,1S,0,3p.3d,1P*,1,,T7942,L10522
K,8,43.9615,0.0010,43.965,0.011,2,1.78e+09,,38.281,66.482,3p2,3P,2,3p.3d,3P*,1,,T7942,L10522
K,8,44.0107,0.0010,44.013,0.011,3,8.88e+10,,66.372,94.542,3p.3d,3P*,2,3d2,3P,2,,T7942,L10375
K,8,44.0207,0.0010,44.026,0.011,2,1.10e+10,,66.372,94.534,3p.3d,3P*,2,3d2,3P,1,,T7942,L10375
K,8,44.1382,0.0010,44.136,0.011,10*,2.85e+09,,38.281,66.372,3p2,3P,2,3p.3d,3P*,2,,T7942,L10522
K,8,44.1382,0.0010,44.151,0.011,10*,2.04e+10,,23.872,51.953,3s.3p,1P*,1,3s.3d,1D,2,,T7942,L10522
K,2,44.181,0.002,,,25,,,,,,,,,,,,,L3496
K,8,44.1857,0.0010,44.185,0.011,1,2.75e+09,,66.482,94.542,3p.3d,3P*,1,3d2,3P,2,,T7942,L10375
K,8,44.2124,0.0010,44.211,0.011,2,2.36e+10,,66.482,94.525,3p.3d,3P*,1,3d2,3P,0,,T7942,L10375
K,4,44.230,0.002,44.2317,0.0020,200,,,0.00000,28.0306,3s2.3p4,3P,2,3s2.3p3.(2D*).3d,3P*,1,,,L64
K,4,44.252,0.002,44.2520,0.0020,100,,,0.20726,28.2250,3s2.3p4,3P,1,3s2.3p3.(2D*).3d,3P*,0,,,L3496
K,2,44.30,0.08,,,,,,,,,,,,,,,,L11572
K,4,44.357,0.002,44.3567,0.0020,300,1.36e+08,,0.00000,27.9516,3s2.3p4,3P,2,3s2.3p3.(2D*).3d,3P*,2,,T4943,L3496
K,8,44.4137,0.0010,44.414,0.011,1,5.63e+09,,66.618,94.534,3p.3d,3P*,0,3d2,3P,1,,T7942,L10375
K,3,44.434,0.002,44.4344,0.0021,75,4.03e+09,,0.0000,27.9028,3s2.3p5,2P*,3/2,3s2.3p4.(1D).4s,2D,5/2,,T7942,L3496
K,7,44.4880,0.0010,44.4877,0.0009,2,5.85e+09,,25.60310,53.4724,3s.3p2,2P,1/2,3s.3p.(3P*).3d,2P*,1/2,,T7942,L10660
K,9,,,44.501,0.008,,5.0e+09,C,94.013,121.874,2p6.4p,2P*,1/2,2p6.5s,2S,1/2,,"T1619interp,LS",
K,4,44.561,0.002,44.5612,0.0020,200,,,0.20726,28.0306,3s2.3p4,3P,1,3s2.3p3.(2D*).3d,3P*,1,,,L3496
K,7,44.5620,0.0010,44.5623,0.0009,10,1.52e+10,,18.83120,46.6539,3s.3p2,2D,3/2,3s.3p.(3P*).3d,2D*,3/2,,T7942,L10660
K,7,44.6005,0.0010,44.6002,0.0009,10,1.55e+10,,18.85201,46.6510,3s.3p2,2D,5/2,3s.3p.(3P*).3d,2D*,5/2,,T7942,L10660
K,8,44.643,0.0020,44.644,0.011,1,1.55e+09,,66.771,94.542,3p.3d,3D*,1,3d2,3P,2,,T7942,L10375
K,7,44.6624,0.0010,44.6582,0.0011,5,,,45.4603,73.2232,3s.3p.3d,4D*,5/2,3s.3d2,4F,7/2,,,L11207
K,7,44.6699,0.0010,44.6702,0.0011,5,,,45.4774,73.2329,3s.3p.3d,4D*,7/2,3s.3d2,4F,9/2,,,L11207
K,10,44.675,0.002,44.675,0.011,350,4.81e+09,,[314.4544],[342.207],2s2.2p5.(2P*<3/2>).3p,2[1/2],1,2s2.2p5.(2P*<3/2>).3d,2[1/2]*,1,,T6036,L7205
K,4,44.683,0.002,44.6881,0.0020,250,,,0.20726,27.9516,3s2.3p4,3P,1,3s2.3p3.(2D*).3d,3P*,2,,,L3496
K,4,44.692,0.002,44.6906,0.0020,100,,,0.28779,28.0306,3s2.3p4,3P,0,3s2.3p3.(2D*).3d,3P*,1,,,L3496
K,8,44.7399,0.0010,44.740,0.011,2,4.88e+09,,66.830,94.542,3p.3d,3D*,2,3d2,3P,2,,T7942,L10375
K,2,44.76,,,,,,,,,,,,,,,,,L11572
K,8,44.7713,0.0010,44.771,0.011,3,5.25e+09,,66.849,94.542,3p.3d,3D*,3,3d2,3P,2,,T7942,L10375
K,9,,,44.784,0.009,,9.6e+09,C,94.189,121.874,2p6.4p,2P*,3/2,2p6.5s,2S,1/2,,"T1619interp,LS",
K,4,44.860,0.002,,,750,,,,,,,,,,,,,L3496
K,3,44.860,0.002,44.8594,0.0020,75,3.52e+09,,0.268475,27.9069,3s2.3p5,2P*,1/2,3s2.3p4.(1D).4s,2D,3/2,,T7942,L3496
K,1,44.8920,,,,"a,w",,,,,,,,,,,,,L6851
K,5,44.901,0.002,44.9012,0.0021,150,7.58e+06,,0.00000,27.6126,3s2.3p3,4S*,3/2,3s2.3p2.(3P).3d,4D,3/2,,T7942,L3496
K,6,44.9021,0.0008,44.9019,0.0004,0,9.86e+08,,0.140415,27.75264,3s2.3p2,3P,1,3s.3p3,1P*,1,,T4909,L3633
K,5,44.971,0.002,44.9709,0.0021,200,7.18e+06,,0.00000,27.5699,3s2.3p3,4S*,3/2,3s2.3p2.(3P).3d,4D,5/2,,T7942,L3496
K,4,44.971,0.002,44.971,0.003,200,,,4.77913,32.3487,3s2.3p4,1S,0,3s2.3p3.(2D*).3d,1P*,1,,,L64
K,1,45.0074,,,,"a,w",,,,,,,,,,,,,L6851
K,7,45.0607,0.0010,45.0606,0.0009,4,5.16e+09,,25.84234,53.3573,3s.3p2,2P,3/2,3s.3p.(3P*).3d,2P*,3/2,,T7942,L10660
K,1,45.1493,,,,a,,,,,,,,,,,,,L6851
K,1,45.1798,,,,a,,,,,,,,,,,,,L6851
K,10,45.189,0.002,45.189,0.007,100,5.39e+09,,[314.4544],[341.891],2s2.2p5.(2P*<3/2>).3p,2[1/2],1,2s2.2p5.(2P*<3/2>).3d,2[1/2]*,0,,T6036,L7205
K,5,45.223,,45.2235,0.0021,100,1.29e+09,,4.92938,32.3452,3s2.3p3,2P*,1/2,3s.3p4,2P,1/2,,T7942,L497
K,1,45.2631,,,,"a,w",,,,,,,,,,,,,L6851
K,6,45.2667,0.0008,45.2667,0.0006,0,8.11e+08,,0.36293,27.75264,3s2.3p2,3P,2,3s.3p3,1P*,1,,T4909,L3633
K,5,45.290,0.002,45.2895,0.0021,200,1.57e+09,,4.96931,32.3452,3s2.3p3,2P*,3/2,3s.3p4,2P,1/2,,T7942,L3496
K,1,45.3085,,,,a,,,,,,,,,,,,,L6851
K,1,45.3208,,,,a,,,,,,,,,,,,,L6851
K,1,45.3311,,,,a,,,,,,,,,,,,,L6851
K,1,45.3467,,,,a,,,,,,,,,,,,,L6851
K,1,45.3667,,,,a,,,,,,,,,,,,,L6851
K,1,45.4033,,,,a,,,,,,,,,,,,,L6851
K,1,45.4518,,,,a,,,,,,,,,,,,,L6851
K,1,45.4548,,,,a,,,,,,,,,,,,,L6851
K,1,45.5097,,,,"a,w",,,,,,,,,,,,,L6851
K,1,45.5503,,,,"a,w",,,,,,,,,,,,,L6851
K,1,45.5629,,,,a,,,,,,,,,,,,,L6851
K,5,45.567,0.002,45.5664,0.0021,250,2.99e+08,,4.92938,32.1389,3s2.3p3,2P*,1/2,3s.3p4,2P,3/2,,T7942,L3496
K,7,45.6220,0.0010,45.6221,0.0012,2,,,36.9594,64.1358,3p3,2D*,5/2,3p2.(3P).3d,2P,3/2,,,L11207
K,4,45.633,0.002,,,400,,,,,,,,,,,,,L3496
K,5,45.633,0.002,45.6334,0.0021,400,1.34e+09,,4.96931,32.1389,3s2.3p3,2P*,3/2,3s.3p4,2P,3/2,,T7942,L3496
K,2,45.70,0.08,45.66,0.05,,,,0.00000,(27.15),3p6,1S,0,3p5.4d,3D*,1,,,L11572
K,8,45.7652,0.0010,45.765,0.012,2,2.72e+10,,72.583,99.674,3p.3d,1P*,1,3d2,1S,0,,T7942,L10375
K,6,45.8045,0.0008,45.8049,0.0006,2,2.81e+09,,0.00000,27.06790,3s2.3p2,3P,0,3s.3p3,3S*,1,,T4909,L3633
K,1,45.8586,,,,a,,,,,,,,,,,,,L6851
K,1,45.8613,,,,a,,,,,,,,,,,,,L6851
K,1,45.8646,,,,a,,,,,,,,,,,,,L6851
K,1,45.8683,,,,a,,,,,,,,,,,,,L6851
K,1,45.8719,,,,a,,,,,,,,,,,,,L6851
K,1,45.8766,,,,a,,,,,,,,,,,,,L6851
K,1,45.8816,,,,a,,,,,,,,,,,,,L6851
K,1,45.8875,,,,a,,,,,,,,,,,,,L6851
K,1,45.8945,,,,a,,,,,,,,,,,,,L6851
K,1,45.9029,,,,a,,,,,,,,,,,,,L6851
K,1,45.9128,,,,a,,,,,,,,,,,,,L6851
K,1,45.9251,,,,a,,,,,,,,,,,,,L6851
K,9,45.9317,0.0005,45.9317,0.0005,4,7.40e+09,,19.48441,46.47758,2p6.3p,2P*,1/2,2p6.3d,2D,3/2,,T7942,L3851
K,1,45.9401,,,,a,,,,,,,,,,,,,L6851
K,1,45.9581,,,,a,,,,,,,,,,,,,L6851
K,1,45.9800,,,,a,,,,,,,,,,,,,L6851
K,1,46.0079,,,,a,,,,,,,,,,,,,L6851
K,1,46.0365,,,,"a,d",,,,,,,,,,,,,L6851
K,6,46.0440,0.0008,46.0437,0.0004,4,8.98e+09,,0.140415,27.06790,3s2.3p2,3P,1,3s.3p3,3S*,1,,T4909,L3633
K,1,46.0568,,,,"a,w",,,,,,,,,,,,,L6851
K,1,46.1030,,,,a,,,,,,,,,,,,,L6851
K,1,46.1765,,,,a,,,,,,,,,,,,,L6851
K,1,46.2763,,,,a,,,,,,,,,,,,,L6851
K,2,46.42,0.09,46.42506,0.00007,,,,0.00000,26.706308,3p6,1S,0,3p5.4d,3P*,1,,,L11572
K,6,46.4275,0.0008,46.4274,0.0006,5,1.35e+10,,0.36293,27.06790,3s2.3p2,3P,2,3s.3p3,3S*,1,,T4909,L3633
K,1,46.4441,,,,"a,w",,,,,,,,,,,,,L6851
K,10,46.468,0.002,46.468,0.006,350,6.01e+09,,320.1954,346.8770,2s2.2p5.(2P*<1/2>).3p,2[3/2],1,2s2.2p5.(2P*<1/2>).3d,2[5/2]*,2,,T6036,L7205
K,2,46.508,0.002,46.50847,0.00007,5,1.0e+09,,0.00000,26.658413,3p6,1S,0,3p5.(2P*<1/2>).5s,2[1/2]*,1,,T6166,L3496
K,1,46.6246,,,,a,,,,,,,,,,,,,L6851
K,1,46.6695,,,,a,,,,,,,,,,,,,L6851
K,3,46.679,0.002,46.6783,0.0007,75,3.06e+09,,0.0000,26.561420,3s2.3p5,2P*,3/2,3s2.3p4.(3P).4s,2P,1/2,,T7942,L3496
K,9,46.6835,0.0005,46.6835,0.0005,5,8.46e+09,,19.95073,46.50920,2p6.3p,2P*,3/2,2p6.3d,2D,5/2,,T7942,L3851
K,1,46.7160,,46.7161,0.0007,"a,w",,,0.00000000,26.5399,3p6.4s,2S,1/2,3p5.3d.(1P*).5s,2P*,"1/2,3/2",,,L6851
K,9,46.7391,0.0005,46.7391,0.0005,2,1.41e+09,,19.95073,46.47758,2p6.3p,2P*,3/2,2p6.3d,2D,3/2,,T7942,L3851
K,1,46.7416,,,,a,,,,,,,,,,,,,L6851
K,1,46.8420,,,,a,,,,,,,,,,,,,L6851
K,1,46.8666,,,,a,,,,,,,,,,,,,L6851
K,1,46.8729,,,,a,,,,,,,,,,,,,L6851
K,1,46.9028,,,,a,,,,,,,,,,,,,L6851
K,2,46.95,0.09,46.95087,0.00007,,,,0.00000,26.407221,3p6,1S,0,3p5.(2P*<3/2>).5s,2[3/2]*,1,,,L11572
K,10,46.968,0.002,46.967,0.006,60,9.87e+08,,317.2644,343.6624,2s2.2p5.(2P*<3/2>).3p,2[5/2],3,2s2.2p5.(2P*<3/2>).3d,2[7/2]*,3,,T6036,L7205
K,1,46.9875,,,,a,,,,,,,,,,,,,L6851
K,1,46.9988,,,,a,,,,,,,,,,,,,L6851
K,3,47.009,0.002,47.0090,0.0007,100,7.60e+09,,0.0000,26.374588,3s2.3p5,2P*,3/2,3s2.3p4.(3P).4s,2P,3/2,,T7942,L3496
K,1,47.0244,,,,a,,,,,,,,,,,,,L6851
K,1,47.0590,,,,a,,,,,,,,,,,,,L6851
K,10,47.075,0.002,47.075,0.006,160,6.41e+09,,317.3250,343.6624,2s2.2p5.(2P*<3/2>).3p,2[5/2],2,2s2.2p5.(2P*<3/2>).3d,2[7/2]*,3,,T6036,L7205
K,1,47.1105,,,,a,,,,,,,,,,,,,L6851
K,3,47.157,0.002,47.15493,0.00006,75,5.98e+09,,0.268475,26.561420,3s2.3p5,2P*,1/2,3s2.3p4.(3P).4s,2P,1/2,,T7942,L3496
K,1,47.1669,,,,"a,w",,,,,,,,,,,,,L6851
K,1,47.2145,,,,"a,w",,,,,,,,,,,,,L6851
K,1,47.2271,,,,"a,w",,,,,,,,,,,,,L6851
K,10,47.266,0.002,47.266,0.006,230,4.46e+09,,318.2053,344.4367,2s2.2p5.(2P*<3/2>).3p,2[3/2],1,2s2.2p5.(2P*<3/2>).3d,2[5/2]*,2,,T6036,L7205
K,1,47.2955,,,,"a,w",,,,,,,,,,,,,L6851
K,4,47.321,0.002,47.321,0.003,100,,,4.77913,30.9796,3s2.3p4,1S,0,3s2.3p3.(2D*).3d,3S*,1,,,L3496
K,1,47.3533,,,,"a,w",,,,,,,,,,,,,L6851
K,10,47.438,0.002,47.438,0.006,300,6.54e+09,,321.1300,347.2660,2s2.2p5.(2P*<1/2>).3p,2[3/2],2,2s2.2p5.(2P*<3/2>).3d,2[5/2]*,3,,T6036,L7205
K,1,47.4460,,,,"a,w",,,,,,,,,,,,,L6851
K,8,47.4818,0.0010,47.466,0.013,7,8.23e+09,,37.235,63.355,3p2,1D,2,3p.3d,1D*,2,,T7942,L10522
K,3,47.492,0.002,47.49240,0.00006,45,1.19e+09,,0.268475,26.374588,3s2.3p5,2P*,1/2,3s2.3p4.(3P).4s,2P,3/2,,T7942,L3496
K,1,47.5540,,,,"a,w",,,,,,,,,,,,,L6851
K,7,47.5688,0.0010,47.5712,0.0013,1,,,41.5917,67.6546,3p3,2P*,3/2,3p2.(1D).3d,2D,5/2,,,L11207
K,10,47.591,0.002,47.591,0.006,200,5.30e+09,,321.2279,347.2800,2s2.2p5.(2P*<1/2>).3p,2[1/2],1,2s2.2p5.(2P*<1/2>).3d,2[3/2]*,2,,T6036,L7205
K,1,47.5988,,,,"a,w",,,,,,,,,,,,,L6851
K,2,47.603,0.002,,,10,,,,,,,,,,,,,L3496
K,7,47.6283,0.0010,47.6283,0.0013,1,,,55.9154,81.9470,3s.3p.(1P*).3d,2D*,3/2,3s.3d2,2F,5/2,,,L11207
K,1,47.6603,,,,"a,w",,,,,,,,,,,,,L6851
K,10,47.694,0.002,47.694,0.012,450,5.43e+09,,[318.9692],[344.965],2s2.2p5.(2P*<3/2>).3p,2[3/2],2,2s2.2p5.(2P*<1/2>).3d,2[5/2]*,3,,T6036,L7205
K,10,47.710,0.002,47.710,0.006,50,3.18e+09,,320.5227,346.5098,2s2.2p5.(2P*<1/2>).3p,2[1/2],0,2s2.2p5.(2P*<3/2>).3d,2[3/2]*,1,,T6036,L7205
K,7,47.7103,0.0010,47.7104,0.0013,3,,,55.9697,81.9565,3s.3p.(1P*).3d,2D*,5/2,3s.3d2,2F,7/2,,,L11207
K,10,47.754,0.002,47.754,0.006,470,6.46e+09,,317.2644,343.2276,2s2.2p5.(2P*<3/2>).3p,2[5/2],3,2s2.2p5.(2P*<3/2>).3d,2[7/2]*,4,,T6036,L7205
K,3,47.918,0.002,47.9185,0.0007,40,1.11e+08,,0.0000,25.873990,3s2.3p5,2P*,3/2,3s2.3p4.(3P).4s,4P,3/2,,T7942,L3496
K,7,47.9770,0.0008,47.9772,0.0010,1,3.10e+09,,0.00000,25.84234,3s2.3p,2P*,1/2,3s.3p2,2P,3/2,,T7942,L3633
K,10,48.155,0.002,48.155,0.007,60d,8.87e+08,,321.1300,346.8770,2s2.2p5.(2P*<1/2>).3p,2[3/2],2,2s2.2p5.(2P*<1/2>).3d,2[5/2]*,2,,T6036,L7205
K,2,48.211,0.002,,,10,,,,,,,,,,,,,L3496
K,3,48.211,0.002,48.2109,0.0007,10,6.69e+06,,0.0000,25.717038,3s2.3p5,2P*,3/2,3s2.3p4.(3P).4s,4P,5/2,,T7942,L3496
K,2,48.241,0.002,,,10,,,,,,,,,,,,,L3496
K,3,48.241,0.002,48.24022,0.00007,10,2.13e+07,,0.268475,25.969891,3s2.3p5,2P*,1/2,3s2.3p4.(3P).4s,4P,1/2,,T7942,L3496
K,5,48.271,0.002,48.2707,0.0024,200,8.97e+04,,0.00000,25.6852,3s2.3p3,4S*,3/2,3s2.3p2.(3P).3d,4F,5/2,,T7942,L3496
K,5,48.375,0.002,48.3746,0.0024,200,3.56e+04,,0.00000,25.6300,3s2.3p3,4S*,3/2,3s2.3p2.(3P).3d,4F,3/2,,T7942,L3496
K,1,48.3941,,,,"a,w",,,,,,,,,,,,,L6851
K,3,48.420,0.002,48.42090,0.00007,5,9.40e+06,,0.268475,25.873990,3s2.3p5,2P*,1/2,3s2.3p4.(3P).4s,4P,3/2,,T7942,L3496
K,7,48.4254,0.0008,48.4255,0.0010,3,1.08e+10,,0.00000,25.60310,3s2.3p,2P*,1/2,3s.3p2,2P,1/2,,T7942,L3633
K,7,48.6506,0.0010,48.6509,0.0013,2,,,46.6510,72.1355,3s.3p.(3P*).3d,2D*,5/2,3p2.(3P).3d,2F,7/2,,,L11207
K,7,48.7097,0.0008,48.7096,0.0005,5,1.47e+10,,0.388601,25.84234,3s2.3p,2P*,3/2,3s.3p2,2P,3/2,,T7942,L3633
K,6,48.8132,0.0008,48.8133,0.0007,5,1.15e+10,,2.35295,27.75264,3s2.3p2,1D,2,3s.3p3,1P*,1,,T4909,L3633
K,1,48.8166,,,,a,,,,,,,,,,,,,L6851
K,1,48.8209,,,,a,,,,,,,,,,,,,L6851
K,1,48.8255,,,,a,,,,,,,,,,,,,L6851
K,1,48.8312,,,,a,,,,,,,,,,,,,L6851
K,1,48.8335,,,,a,,,,,,,,,,,,,L6851
K,1,48.8378,,,,a,,,,,,,,,,,,,L6851
K,1,48.8451,,,,a,,,,,,,,,,,,,L6851
K,1,48.8574,,,,"a,w",,,,,,,,,,,,,L6851
K,1,48.8677,,,,"a,w",,,,,,,,,,,,,L6851
K,1,48.8819,,,,"a,w",,,,,,,,,,,,,L6851
K,1,48.9208,,,,"a,w",,,,,,,,,,,,,L6851
K,1,48.9433,,,,"a,w",,,,,,,,,,,,,L6851
K,8,48.9916,0.0010,48.991,0.014,3,5.64e+09,,66.771,92.078,3p.3d,3D*,1,3d2,3F,2,,T7942,L10375
K,8,49.0737,0.0010,49.073,0.014,5bl*,9.07e+09,,66.849,92.114,3p.3d,3D*,3,3d2,3F,4,,T7942,L10375
K,8,49.0737,0.0010,49.073,0.014,5bl*,6.95e+09,,66.830,92.095,3p.3d,3D*,2,3d2,3F,3,,T7942,L10375
K,7,49.1718,0.0008,49.1718,0.0005,2,6.77e+09,,0.388601,25.60310,3s2.3p,2P*,3/2,3s.3p2,2P,1/2,,T7942,L3633
K,11,49.185,0.010,49.18,0.09,18,4.84e+09,,348.17,373.38,2s2.2p4.(3P).3p,4D*,5/2,2s2.2p4.(3P).3d,4F,7/2,,T6437,L11908
K,1,49.2303,,,,"a,w",,,,,,,,,,,,,L6851
K,1,49.3166,,,,"a,w",,,,,,,,,,,,,L6851
K,11,49.336,0.010,49.33,0.10,16,2.37e+09,,345.32,370.45,2s2.2p4.(3P).3p,4P*,5/2,2s2.2p4.(3P).3d,4D,7/2,,T6437,L11908
K,2,49.5153,0.0002,49.51534,0.00009,15,6.7e+10,,0.00000,25.039551,3p6,1S,0,3p5.3d,1P*,1,,T6798,L12188
K,11,49.566,0.010,49.58,0.10,73,5.05e+09,,347.56,372.57,2s2.2p4.(3P).3p,4D*,7/2,2s2.2p4.(3P).3d,4F,9/2,,T6437,L11908
K,1,49.6632,,49.6633,0.0007,a*,,,0.00000000,24.9650,3p6.4s,2S,1/2,3p5.4s.(1P*).33s,2P*,"1/2,3/2",,,L6851
K,1,49.6632,,49.6633,0.0007,a*,,,0.00000000,24.9650,3p6.4s,2S,1/2,3p5.4s.(1P*).32d,2P*,"1/2,3/2",,,L6851
K,1,49.6659,,49.6657,0.0007,a*,,,0.00000000,24.9637,3p6.4s,2S,1/2,3p5.4s.(1P*).32s,2P*,"1/2,3/2",,,L6851
K,1,49.6659,,49.6657,0.0007,a*,,,0.00000000,24.9637,3p6.4s,2S,1/2,3p5.4s.(1P*).31d,2P*,"1/2,3/2",,,L6851
K,1,49.6682,,49.6682,0.0007,a*,,,0.00000000,24.9625,3p6.4s,2S,1/2,3p5.4s.(1P*).31s,2P*,"1/2,3/2",,,L6851
K,1,49.6682,,49.6682,0.0007,a*,,,0.00000000,24.9625,3p6.4s,2S,1/2,3p5.4s.(1P*).30d,2P*,"1/2,3/2",,,L6851
K,1,49.6712,,49.6712,0.0007,a*,,,0.00000000,24.9610,3p6.4s,2S,1/2,3p5.4s.(1P*).30s,2P*,"1/2,3/2",,,L6851
K,1,49.6712,,49.6712,0.0007,a*,,,0.00000000,24.9610,3p6.4s,2S,1/2,3p5.4s.(1P*).29d,2P*,"1/2,3/2",,,L6851
K,1,49.6738,,49.6739,0.0007,a*,,,0.00000000,24.9596,3p6.4s,2S,1/2,3p5.4s.(1P*).29s,2P*,"1/2,3/2",,,L6851
K,1,49.6738,,49.6739,0.0007,a*,,,0.00000000,24.9596,3p6.4s,2S,1/2,3p5.4s.(1P*).28d,2P*,"1/2,3/2",,,L6851
K,1,49.6768,,49.6769,0.0007,a,,,0.00000000,24.9581,3p6.4s,2S,1/2,3p5.4s.(1P*).28s,2P*,"1/2,3/2",,,L6851
K,1,49.6805,,49.6806,0.0007,a*,,,0.00000000,24.9563,3p6.4s,2S,1/2,3p5.4s.(1P*).26d,2P*,"1/2,3/2",,,L6851
K,1,49.6805,,49.6806,0.0007,a*,,,0.00000000,24.9563,3p6.4s,2S,1/2,3p5.4s.(1P*).27s,2P*,"1/2,3/2",,,L6851
K,1,49.6845,,49.6845,0.0007,a*,,,0.00000000,24.9543,3p6.4s,2S,1/2,3p5.4s.(1P*).25d,2P*,"1/2,3/2",,,L6851
K,1,49.6845,,49.6845,0.0007,a*,,,0.00000000,24.9543,3p6.4s,2S,1/2,3p5.4s.(1P*).26s,2P*,"1/2,3/2",,,L6851
K,1,49.6888,,49.6887,0.0007,a*,,,0.00000000,24.9522,3p6.4s,2S,1/2,3p5.4s.(1P*).24d,2P*,"1/2,3/2",,,L6851
K,1,49.6888,,49.6887,0.0007,a*,,,0.00000000,24.9522,3p6.4s,2S,1/2,3p5.4s.(1P*).25s,2P*,"1/2,3/2",,,L6851
K,1,49.6941,,49.6941,0.0007,a*,,,0.00000000,24.9495,3p6.4s,2S,1/2,3p5.4s.(1P*).23d,2P*,"1/2,3/2",,,L6851
K,1,49.6941,,49.6941,0.0007,a*,,,0.00000000,24.9495,3p6.4s,2S,1/2,3p5.4s.(1P*).24s,2P*,"1/2,3/2",,,L6851
K,1,49.6997,,49.6998,0.0007,a*,,,0.00000000,24.9466,3p6.4s,2S,1/2,3p5.4s.(1P*).22d,2P*,"1/2,3/2",,,L6851
K,1,49.6997,,49.6998,0.0007,a*,,,0.00000000,24.9466,3p6.4s,2S,1/2,3p5.4s.(1P*).23s,2P*,"1/2,3/2",,,L6851
K,1,49.7067,,49.7067,0.0007,a*,,,0.00000000,24.9431,3p6.4s,2S,1/2,3p5.4s.(1P*).21d,2P*,"1/2,3/2",,,L6851
K,1,49.7067,,49.7067,0.0007,a*,,,0.00000000,24.9431,3p6.4s,2S,1/2,3p5.4s.(1P*).22s,2P*,"1/2,3/2",,,L6851
K,3,49.710,0.002,49.7104,0.0021,75,2.23e+06,,0.0000,24.9413,3s2.3p5,2P*,3/2,3s2.3p4.(3P).3d,2F,5/2,,T7942,L3496
K,1,49.7143,,49.7144,0.0007,a*,,,0.00000000,24.9393,3p6.4s,2S,1/2,3p5.4s.(1P*).21s,2P*,"1/2,3/2",,,L6851
K,1,49.7143,,49.7144,0.0007,a*,,,0.00000000,24.9393,3p6.4s,2S,1/2,3p5.4s.(1P*).20d,2P*,"1/2,3/2",,,L6851
K,1,49.7236,,49.7235,0.0007,a*,,,0.00000000,24.9347,3p6.4s,2S,1/2,3p5.4s.(1P*).20s,2P*,"1/2,3/2",,,L6851
K,1,49.7236,,49.7235,0.0007,a*,,,0.00000000,24.9347,3p6.4s,2S,1/2,3p5.4s.(1P*).19d,2P*,"1/2,3/2",,,L6851
K,1,49.7345,,49.7344,0.0007,a*,,,0.00000000,24.9293,3p6.4s,2S,1/2,3p5.4s.(1P*).19s,2P*,"1/2,3/2",,,L6851
K,1,49.7345,,49.7344,0.0007,a*,,,0.00000000,24.9293,3p6.4s,2S,1/2,3p5.4s.(1P*).18d,2P*,"1/2,3/2",,,L6851
K,1,49.7478,,49.7478,0.0007,a*,,,0.00000000,24.9226,3p6.4s,2S,1/2,3p5.4s.(1P*).18s,2P*,"1/2,3/2",,,L6851
K,1,49.7478,,49.7478,0.0007,a*,,,0.00000000,24.9226,3p6.4s,2S,1/2,3p5.4s.(1P*).17d,2P*,"1/2,3/2",,,L6851
K,1,49.7630,,49.7631,0.0007,a*,,,0.00000000,24.9149,3p6.4s,2S,1/2,3p5.4s.(1P*).17s,2P*,"1/2,3/2",,,L6851
K,1,49.7630,,49.7631,0.0007,a*,,,0.00000000,24.9149,3p6.4s,2S,1/2,3p5.4s.(1P*).16d,2P*,"1/2,3/2",,,L6851
K,1,49.7823,,49.7822,0.0007,a*,,,0.00000000,24.9053,3p6.4s,2S,1/2,3p5.4s.(1P*).16s,2P*,"1/2,3/2",,,L6851
K,1,49.7823,,49.7822,0.0007,a*,,,0.00000000,24.9053,3p6.4s,2S,1/2,3p5.4s.(1P*).15d,2P*,"1/2,3/2",,,L6851
K,1,49.8068,,,,a,,,,,,,,,,,,,L6851
K,1,49.8075,,49.8075,0.0012,a*,,,0.00000000,24.8927,3p6.4s,2S,1/2,3p5.4s.(1P*).15s,2P*,"1/2,3/2",,,L6851
K,1,49.8075,,49.8075,0.0012,a*,,,0.00000000,24.8927,3p6.4s,2S,1/2,3p5.4s.(1P*).14d,2P*,"1/2,3/2",,,L6851
K,1,49.8088,,,,a,,,,,,,,,,,,,L6851
K,11,49.809,0.010,49.80,0.10,12,4.75e+09,,356.76,381.66,2s2.2p4.(1D).3p,2F*,5/2,2s2.2p4.(1D).3d,2G,7/2,,T6437,L11908
K,1,49.836,,49.836,0.012,"a,w*",,,0.00000000,24.879,3p6.4s,2S,1/2,3p5.4s.(1P*).14s,2P*,"1/2,3/2",,,L6851
K,1,49.836,,49.836,0.012,"a,w*",,,0.00000000,24.879,3p6.4s,2S,1/2,3p5.4s.(1P*).13d,2P*,"1/2,3/2",,,L6851
K,1,49.8373,,,,a,,,,,,,,,,,,,L6851
K,7,49.8399,0.0010,49.8408,0.0014,6,8.09e+09,,31.0936,55.9697,3s2.3d,2D,5/2,3s.3p.(1P*).3d,2D*,5/2,,T7942,L10660
K,1,49.8403,,,,a,,,,,,,,,,,,,L6851
K,1,49.877,,49.878,0.012,"a,w*",,,0.00000000,24.858,3p6.4s,2S,1/2,3p5.4s.(1P*).13s,2P*,"1/2,3/2",,,L6851
K,1,49.877,,49.878,0.012,"a,w*",,,0.00000000,24.858,3p6.4s,2S,1/2,3p5.4s.(1P*).12d,2P*,"1/2,3/2",,,L6851
K,1,49.8778,,,,a,,,,,,,,,,,,,L6851
K,7,49.9191,0.0010,49.9191,0.0014,4,8.35e+09,,31.0784,55.9154,3s2.3d,2D,3/2,3s.3p.(1P*).3d,2D*,3/2,,T7942,L10660
K,11,49.924,0.010,49.93,0.10,8,3.52e+09,,359.51,384.34,2s2.2p4.(1D).3p,2D*,5/2,2s2.2p4.(1D).3d,2F,7/2,,T6437,L11908
K,1,49.9309,,,,a,,,,,,,,,,,,,L6851
K,1,49.933,,49.933,0.012,"a,w*",,,0.00000000,24.830,3p6.4s,2S,1/2,3p5.4s.(1P*).11d,2P*,"1/2,3/2",,,L6851
K,1,49.933,,49.933,0.012,"a,w*",,,0.00000000,24.830,3p6.4s,2S,1/2,3p5.4s.(1P*).12s,2P*,"1/2,3/2",,,L6851
K,1,49.9362,,,,a,,,,,,,,,,,,,L6851
K,1,49.9915,,,,a,,,,,,,,,,,,,L6851
K,11,49.992,0.010,49.99,0.10,14,4.98e+09,,350.25,375.05,2s2.2p4.(3P).3p,2D*,5/2,2s2.2p4.(3P).3d,2F,7/2,,T6437,L11908
K,1,49.9945,,,,a,,,,,,,,,,,,,L6851
K,1,49.9968,,,,a,,,,,,,,,,,,,L6851
K,4,49.999,0.002,49.9993,0.0023,100,7.20e+08,,2.03136,26.8286,3s2.3p4,1D,2,3s2.3p3.(2D*).3d,1D*,2,,T4943,L64
K,1,49.9995,,,,a,,,,,,,,,,,,,L6851
K,1,50.005,,50.005,0.013,"a,w*",,,0.00000000,24.794,3p6.4s,2S,1/2,3p5.4s.(1P*).10d,2P*,"1/2,3/2",,,L6851
K,1,50.005,,50.005,0.013,"a,w*",,,0.00000000,24.794,3p6.4s,2S,1/2,3p5.4s.(1P*).11s,2P*,"1/2,3/2",,,L6851
K,1,50.0091,,,,a,,,,,,,,,,,,,L6851
K,1,50.0134,,,,a,,,,,,,,,,,,,L6851
K,1,50.0177,,,,a,,,,,,,,,,,,,L6851
K,1,50.0224,,,,a,,,,,,,,,,,,,L6851
K,1,50.0287,,,,a,,,,,,,,,,,,,L6851
K,1,50.0356,,,,a,,,,,,,,,,,,,L6851
K,1,50.0519,,,,a,,,,,,,,,,,,,L6851
K,1,50.0628,,,,"a,d",,,,,,,,,,,,,L6851
K,1,50.0747,,,,a,,,,,,,,,,,,,L6851
K,1,50.0844,,,,a,,,,,,,,,,,,,L6851
K,1,50.0867,,,,a,,,,,,,,,,,,,L6851
K,1,50.0903,,,,a,,,,,,,,,,,,,L6851
K,1,50.0936,,,,a,,,,,,,,,,,,,L6851
K,1,50.1033,,,,a,,,,,,,,,,,,,L6851
K,1,50.1086,,50.1085,0.0008,a,,,0.00000000,24.7432,3p6.4s,2S,1/2,3p5.4s.(1P*).10s,2P*,"1/2,3/2",,,L6851
K,1,50.113,,,,"a,w",,,,,,,,,,,,,L6851
K,1,50.1248,,,,"a,d",,,,,,,,,,,,,L6851
K,1,50.1324,,,,"a,d",,,,,,,,,,,,,L6851
K,1,50.1387,,,,"a,d",,,,,,,,,,,,,L6851
K,1,50.1487,,,,"a,d",,,,,,,,,,,,,L6851
K,1,50.1606,,,,a,,,,,,,,,,,,,L6851
K,1,50.1629,,,,a,,,,,,,,,,,,,L6851
K,6,50.1657,0.0008,50.1657,0.0007,0,6.12e+08,,2.35295,27.06790,3s2.3p2,1D,2,3s.3p3,3S*,1,,T4909,L3633
K,1,50.1663,,,,a,,,,,,,,,,,,,L6851
K,1,50.1696,,,,a,,,,,,,,,,,,,L6851
K,1,50.1729,,,,a,,,,,,,,,,,,,L6851
K,1,50.1769,,,,a,,,,,,,,,,,,,L6851
K,1,50.1838,,,,a,,,,,,,,,,,,,L6851
K,1,50.1908,,,,a,,,,,,,,,,,,,L6851
K,1,50.1968,,,,a,,,,,,,,,,,,,L6851
K,1,50.2034,,,,a,,,,,,,,,,,,,L6851
K,1,50.2170,,,,a,,,,,,,,,,,,,L6851
K,1,50.2236,,,,a,,,,,,,,,,,,,L6851
K,1,50.2382,,,,a,,,,,,,,,,,,,L6851
K,1,50.2409,,,,a,,,,,,,,,,,,,L6851
K,1,50.2435,,,,a,,,,,,,,,,,,,L6851
K,1,50.2534,,,,a,,,,,,,,,,,,,L6851
K,1,50.2611,,,,a,,,,,,,,,,,,,L6851
K,1,50.2660,,,,a,,,,,,,,,,,,,L6851
K,1,50.27,,50.28,0.04,"a,w*",,,0.00000000,24.660,3p6.4s,2S,1/2,3p5.4s.(1P*).8d,2P*?,"1/2,3/2",,,L6851
K,1,50.27,,50.28,0.04,"a,w*",,,0.00000000,24.660,3p6.4s,2S,1/2,3p5.4s.(1P*).9s,2P*?,"1/2,3/2",,,L6851
K,1,50.2849,,,,a,,,,,,,,,,,,,L6851
K,1,50.2946,,,,a,,,,,,,,,,,,,L6851
K,1,50.3028,,,,a,,,,,,,,,,,,,L6851
K,1,50.3121,,,,a,,,,,,,,,,,,,L6851
K,1,50.3304,,,,a,,,,,,,,,,,,,L6851
K,1,50.3725,,,,a,,,,,,,,,,,,,L6851
K,1,50.4116,,,,a,,,,,,,,,,,,,L6851
K,1,50.4288,,,,a,,,,,,,,,,,,,L6851
K,1,50.4311,,,,a,,,,,,,,,,,,,L6851
K,1,50.4341,,,,"a,d",,,,,,,,,,,,,L6851
K,1,50.4374,,,,a,,,,,,,,,,,,,L6851
K,1,50.4414,,,,a,,,,,,,,,,,,,L6851
K,1,50.4444,,,,a,,,,,,,,,,,,,L6851
K,1,50.4500,,,,a,,,,,,,,,,,,,L6851
K,1,50.4557,,,,a,,,,,,,,,,,,,L6851
K,1,50.4646,,,,a,,,,,,,,,,,,,L6851
K,1,50.4686,,,,a,,,,,,,,,,,,,L6851
K,1,50.4819,,,,a,,,,,,,,,,,,,L6851
K,1,50.4845,,,,a,,,,,,,,,,,,,L6851
K,1,50.4885,,,,a,,,,,,,,,,,,,L6851
K,1,50.4921,,50.4920,0.0008,a,,,0.00000000,24.5552,3p6.4s,2S,1/2,3p5.4s.(1P*).7d,2P*,"1/2,3/2",,,L6851
K,1,50.4961,,,,a,,,,,,,,,,,,,L6851
K,1,50.5004,,,,a,,,,,,,,,,,,,L6851
K,1,50.5054,,,,a,,,,,,,,,,,,,L6851
K,1,50.5110,,,,a,,,,,,,,,,,,,L6851
K,1,50.5173,,50.5173,0.0008,a,,,0.00000000,24.5429,3p6.4s,2S,1/2,3p5.4s.(1P*).8s,2P*,3/2,,,L6851
K,1,50.5233,,,,a,,,,,,,,,,,,,L6851
K,1,50.5336,,50.5336,0.0008,a,,,0.00000000,24.5350,3p6.4s,2S,1/2,3p5.4s.(1P*).8s,2P*,1/2,,,L6851
K,1,50.5425,,,,a,,,,,,,,,,,,,L6851
K,1,50.5485,,,,a,,,,,,,,,,,,,L6851
K,1,50.5548,,,,a,,,,,,,,,,,,,L6851
K,1,50.5680,,,,a,,,,,,,,,,,,,L6851
K,1,50.5763,,,,a,,,,,,,,,,,,,L6851
K,1,50.5846,,,,a,,,,,,,,,,,,,L6851
K,1,50.5906,,,,a,,,,,,,,,,,,,L6851
K,1,50.5962,,,,a,,,,,,,,,,,,,L6851
K,1,50.6025,,,,a,,,,,,,,,,,,,L6851
K,1,50.6161,,,,a,,,,,,,,,,,,,L6851
K,1,50.6360,,,,a,,,,,,,,,,,,,L6851
K,1,50.6429,,,,a,,,,,,,,,,,,,L6851
K,1,50.6489,,,,a,,,,,,,,,,,,,L6851
K,1,50.6737,,,,a,,,,,,,,,,,,,L6851
K,1,50.6883,,,,a,,,,,,,,,,,,,L6851
K,1,50.7059,,,,a,,,,,,,,,,,,,L6851
K,1,50.7231,,,,a,,,,,,,,,,,,,L6851
K,1,50.7321,,,,a,,,,,,,,,,,,,L6851
K,1,50.7347,,,,a,,,,,,,,,,,,,L6851
K,1,50.7470,,,,a,,,,,,,,,,,,,L6851
K,1,50.7566,,,,a,,,,,,,,,,,,,L6851
K,1,50.7619,,,,a,,,,,,,,,,,,,L6851
K,11,50.765,0.010,50.76,0.10,20,,,357.22,381.65,2s2.2p4.(1D).3p,2F*,7/2,2s2.2p4.(1D).3d,2G,9/2,,,L11908
K,1,50.7682,,,,a,,,,,,,,,,,,,L6851
K,1,50.7824,,,,a,,,,,,,,,,,,,L6851
K,1,50.7854,,,,a,,,,,,,,,,,,,L6851
K,1,50.8000,,,,a,,,,,,,,,,,,,L6851
K,1,50.8050,,50.8050,0.0008,a,,,0.00000000,24.4039,3p6.4s,2S,1/2,3p5.4s.(1P*).6d,2D*,3/2,,,L6851
K,1,50.8139,,,,a,,,,,,,,,,,,,L6851
K,1,50.8219,,,,a,,,,,,,,,,,,,L6851
K,1,50.8318,,50.8319,0.0008,a,,,0.00000000,24.3910,3p6.4s,2S,1/2,3p5.4s.(1P*).6d,2P*,1/2,,,L6851
K,1,50.8457,,,,a,,,,,,,,,,,,,L6851
K,1,50.8507,,,,a,,,,,,,,,,,,,L6851
K,1,50.8557,,,,a,,,,,,,,,,,,,L6851
K,1,50.8623,,,,a,,,,,,,,,,,,,L6851
K,1,50.8669,,,,a,,,,,,,,,,,,,L6851
K,1,50.8762,,,,a,,,,,,,,,,,,,L6851
K,1,50.8825,,,,a,,,,,,,,,,,,,L6851
K,1,50.8908,,,,a,,,,,,,,,,,,,L6851
K,1,50.8954,,,,a,,,,,,,,,,,,,L6851
K,1,50.9017,,,,a,,,,,,,,,,,,,L6851
K,1,50.9087,,,,a,,,,,,,,,,,,,L6851
K,1,50.9163,,,,a,,,,,,,,,,,,,L6851
K,1,50.9266,,50.9266,0.0008,a,,,0.00000000,24.3457,3p6.4s,2S,1/2,3p5.4s.(1P*).6d,2P*,3/2,,,L6851
K,1,50.9316,,,,a,,,,,,,,,,,,,L6851
K,1,50.9379,,50.9378,0.0008,a,,,0.00000000,24.3403,3p6.4s,2S,1/2,3p5.4s.(1P*).7s,2P*,"1/2,3/2",,,L6851
K,1,50.9514,,,,a,,,,,,,,,,,,,L6851
K,1,50.9564,,,,a,,,,,,,,,,,,,L6851
K,7,50.9591,0.0010,50.9590,0.0015,3,,,53.5132,77.8434,3s.3p.(1P*).3d,2F*,7/2,3s.3d2,2G,9/2,,,L11207
K,1,50.9720,,,,a,,,,,,,,,,,,,L6851
K,1,50.9793,,,,a,,,,,,,,,,,,,L6851
K,1,50.9859,,,,a,,,,,,,,,,,,,L6851
K,1,50.9892,,,,a,,,,,,,,,,,,,L6851
K,1,51.0025,,,,a,,,,,,,,,,,,,L6851
K,1,51.0055,,,,a,,,,,,,,,,,,,L6851
K,1,51.0151,,,,a,,,,,,,,,,,,,L6851
K,1,51.0233,,,,a,,,,,,,,,,,,,L6851
K,7,51.0291,0.0010,51.0225,0.0015,8*,1.25e+10,,31.0784,55.3783,3s2.3d,2D,3/2,3s.3p.(1P*).3d,2P*,1/2,,T7942,L10660
K,7,51.0291,0.0010,51.0313,0.0015,8*,1.20e+10,,31.0936,55.3893,3s2.3d,2D,5/2,3s.3p.(1P*).3d,2P*,3/2,,T7942,L10660
K,1,51.0429,,,,a,,,,,,,,,,,,,L6851
K,1,51.0598,,,,a,,,,,,,,,,,,,L6851
K,1,51.0671,,,,a,,,,,,,,,,,,,L6851
K,1,51.0810,,,,a,,,,,,,,,,,,,L6851
K,1,51.0913,,,,a,,,,,,,,,,,,,L6851
K,1,51.1118,,,,a,,,,,,,,,,,,,L6851
K,1,51.1184,,,,a,,,,,,,,,,,,,L6851
K,7,51.1362,0.0010,51.1362,0.0015,3,,,53.5958,77.8416,3s.3p.(1P*).3d,2F*,5/2,3s.3d2,2G,7/2,,,L11207
K,1,51.1509,,,,a,,,,,,,,,,,,,L6851
K,1,51.1837,,,,a,,,,,,,,,,,,,L6851
K,1,51.1874,,,,a,,,,,,,,,,,,,L6851
K,1,51.1933,,,,a,,,,,,,,,,,,,L6851
K,1,51.1999,,,,a,,,,,,,,,,,,,L6851
K,1,51.2125,,,,a,,,,,,,,,,,,,L6851
K,1,51.2205,,,,a,,,,,,,,,,,,,L6851
K,1,51.2410,,,,a,,,,,,,,,,,,,L6851
K,1,51.2715,,,,a,,,,,,,,,,,,,L6851
K,1,51.2874,,,,a,,,,,,,,,,,,,L6851
K,1,51.3050,,,,a,,,,,,,,,,,,,L6851
K,1,51.3099,,,,a,,,,,,,,,,,,,L6851
K,1,51.3401,,,,a,,,,,,,,,,,,,L6851
K,1,51.3503,,,,a,,,,,,,,,,,,,L6851
K,1,51.3580,,,,a,,,,,,,,,,,,,L6851
K,1,51.3695,,,,a,,,,,,,,,,,,,L6851
K,1,51.3911,,,,a,,,,,,,,,,,,,L6851
K,1,51.4013,,,,a,,,,,,,,,,,,,L6851
K,1,51.4100,,,,a,,,,,,,,,,,,,L6851
K,1,51.4242,,,,a,,,,,,,,,,,,,L6851
K,1,51.4706,,,,a,,,,,,,,,,,,,L6851
K,1,51.4898,,,,a,,,,,,,,,,,,,L6851
K,3,51.494,0.002,,,10,,,,,,,,,,,,,L3496
K,1,51.5054,,,,a,,,,,,,,,,,,,L6851
K,1,51.5213,,,,a,,,,,,,,,,,,,L6851
K,1,51.5266,,51.5265,0.0008,a,,,0.00000000,24.0622,3p6.4s,2S,1/2,3p5.4s.(1P*).5d,2P*,3/2,,,L6851
K,1,51.5607,,51.5607,0.0008,a,,,0.00000000,24.0462,3p6.4s,2S,1/2,3p5.4s.(1P*).5d,2P*,1/2,,,L6851
K,1,51.5819,,,,a,,,,,,,,,,,,,L6851
K,1,51.6114,,51.6113,0.0008,a,,,0.00000000,24.0227,3p6.4s,2S,1/2,3p5.4s.(1P*).5d,2D*,3/2,,,L6851
K,1,51.6322,,,,a,,,,,,,,,,,,,L6851
K,1,51.6395,,,,a,,,,,,,,,,,,,L6851
K,1,51.6630,,,,a,,,,,,,,,,,,,L6851
K,1,51.6776,,,,a,,,,,,,,,,,,,L6851
K,1,51.7203,,,,a,,,,,,,,,,,,,L6851
K,1,51.7266,,,,a,,,,,,,,,,,,,L6851
K,1,51.7388,,,,a,,,,,,,,,,,,,L6851
K,1,51.7445,,,,a,,,,,,,,,,,,,L6851
K,1,51.7491,,,,a,,,,,,,,,,,,,L6851
K,1,51.7750,,,,a,,,,,,,,,,,,,L6851
K,7,51.7794,0.002,51.7781,0.0015,1,2.69e+09,,14.2444,38.1897,3s.3p2,4P,1/2,3p3,4S*,3/2,,T7942,L1111
K,1,51.7796,,,,a,,,,,,,,,,,,,L6851
K,7,51.7909,0.0008,51.7908,0.0012,3,2.99e+09,,0.00000,23.93943,3s2.3p,2P*,1/2,3s.3p2,2S,1/2,,T7942,L3633
K,1,51.7942,,51.7941,0.0008,a,,,0.00000000,23.9379,3p6.4s,2S,1/2,3p5.4s.(1P*).6s,2P*,"1/2,3/2",,,L6851
K,1,51.8548,,,,a,,,,,,,,,,,,,L6851
K,1,51.8620,,,,a,,,,,,,,,,,,,L6851
K,8,51.9382,0.002,51.938,0.015,10,9.03e+09,B,0.000,23.872,3s2,1S,0,3s.3p,1P*,1,,T7942,L1558
K,1,51.9514,,,,a,,,,,,,,,,,,,L6851
K,1,51.9826,,,,a,,,,,,,,,,,,,L6851
K,1,52.0094,,,,a,,,,,,,,,,,,,L6851
K,1,52.0398,,,,a,,,,,,,,,,,,,L6851
K,3,52.061,0.002,52.0611,0.0021,50,1.68e+08,,0.0000,23.8151,3s2.3p5,2P*,3/2,3s2.3p4.(1D).3d,2D,5/2,,T7942,L3496
K,7,52.0857,0.002,52.0850,0.0015,2,5.29e+09,,14.3855,38.1897,3s.3p2,4P,3/2,3p3,4S*,3/2,,T7942,L1111
K,1,52.1031,,,,a,,,,,,,,,,,,,L6851
K,1,52.1100,,,,a,,,,,,,,,,,,,L6851
K,1,52.1478,,,,a,,,,,,,,,,,,,L6851
K,10,52.162,0.003,52.162,0.008,100,6.10e+08,,297.4589,321.2279,2s2.2p5.(2P*<3/2>).3s,2[3/2]*,2,2s2.2p5.(2P*<1/2>).3p,2[1/2],1,,T6036,L7205
K,1,52.1773,,,,a,,,,,,,,,,,,,L6851
K,1,52.2140,,,,a,,,,,,,,,,,,,L6851
K,1,52.2541,,,,"a,bl",,,,,,,,,,,,,L6851
K,4,52.300,0.002,52.3004,0.0020,250,,,0.00000,23.7062,3s2.3p4,3P,2,3s2.3p3.(4S*).3d,3D*,2,,,L3496
K,1,52.3643,,,,a,,,,,,,,,,,,,L6851
K,1,52.3689,,,,a,,,,,,,,,,,,,L6851
K,2,52.379,0.002,,,25,,,,,,,,,,,,,L3496
K,3,52.379,0.002,52.3788,0.0021,25,4.54e+07,,0.0000,23.6707,3s2.3p5,2P*,3/2,3s2.3p4.(1D).3d,2D,3/2,,T7942,L3496
K,1,52.3795,,,,a,,,,,,,,,,,,,L6851
K,1,52.3947,,,,a,,,,,,,,,,,,,L6851
K,1,52.4633,,,,a,,,,,,,,,,,,,L6851
K,1,52.5086,,,,a,,,,,,,,,,,,,L6851
K,1,52.5281,,,,a,,,,,,,,,,,,,L6851
K,7,52.5612,0.002,52.5605,0.0016,3,7.74e+09,,14.6009,38.1897,3s.3p2,4P,5/2,3p3,4S*,3/2,,T7942,L1111
K,1,52.5864,,,,a,,,,,,,,,,,,,L6851
K,1,52.5966,,,,a,,,,,,,,,,,,,L6851
K,1,52.6281,,,,"a,w",,,,,,,,,,,,,L6851
K,4,52.645,0.002,52.6449,0.0020,200,,,0.00000,23.5510,3s2.3p4,3P,2,3s2.3p3.(4S*).3d,3D*,3,,,L3496
K,7,52.6452,0.0008,52.6454,0.0006,4,3.02e+09,,0.388601,23.93943,3s2.3p,2P*,3/2,3s.3p2,2S,1/2,,T7942,L3633
K,1,52.6582,,,,a,,,,,,,,,,,,,L6851
K,1,52.6625,,,,a,,,,,,,,,,,,,L6851
K,1,52.6777,,,,a,,,,,,,,,,,,,L6851
K,2,52.706,0.002,,,10,,,,,,,,,,,,,L3496
K,4,52.706,0.002,52.7069,0.0019,100,,,0.20726,23.7306,3s2.3p4,3P,1,3s2.3p3.(4S*).3d,3D*,1,,,L3496
K,4,52.762,0.002,52.7617,0.0020,150,,,0.20726,23.7062,3s2.3p4,3P,1,3s2.3p3.(4S*).3d,3D*,2,,,L3496
K,1,52.8508,,,,a,,,,,,,,,,,,,L6851
K,4,52.888,0.002,52.8880,0.0020,50,,,0.28779,23.7306,3s2.3p4,3P,0,3s2.3p3.(4S*).3d,3D*,1,,,L3496
K,1,52.9127,,,,a,,,,,,,,,,,,,L6851
K,1,52.9435,,,,"a,w",,,,,,,,,,,,,L6851
K,3,52.980,0.002,52.9797,0.0020,40,1.30e+08,,0.268475,23.6707,3s2.3p5,2P*,1/2,3s2.3p4.(1D).3d,2D,3/2,,T7942,L3496
K,1,53.0272,,,,a,,,,,,,,,,,,,L6851
K,1,53.1492,,,,a,,,,,,,,,,,,,L6851
K,7,53.1675,0.0010,53.1697,0.0016,1,,,44.9740,68.2926,3s.3p.3d,4P*,5/2,3p2.3d,4P,5/2,,,L11207
K,1,53.1780,,,,a,,,,,,,,,,,,,L6851
K,1,53.2475,,,,"a,w",,,,,,,,,,,,,L6851
K,1,53.2627,,,,a,,,,,,,,,,,,,L6851
K,1,53.3593,,,,a,,,,,,,,,,,,,L6851
K,7,53.4543,0.0010,,,1,,,,,,,,,,,,,L11207
K,1,53.4731,,,,a,,,,,,,,,,,,,L6851
K,1,53.5740,,,,a,,,,,,,,,,,,,L6851
K,7,53.7078,0.0010,53.7077,0.0016,1,,,41.5134,64.5984,3s.3p.3d,4F*,5/2,3p2.3d,4D,5/2,,,L11207
K,1,53.7109,,,,a,,,,,,,,,,,,,L6851
K,7,53.7661,0.0010,53.7660,0.0016,2,,,41.5134,64.5733,3s.3p.3d,4F*,5/2,3p2.3d,4D,3/2,,,L11207
K,1,53.8164,,,,a,,,,,,,,,,,,,L6851
K,1,53.8742,,,,a,,,,,,,,,,,,,L6851
K,1,53.8772,,,,a,,,,,,,,,,,,,L6851
K,3,53.973,0.002,53.9735,0.0022,15,1.69e+07,,0.0000,22.9713,3s2.3p5,2P*,3/2,3s2.3p4.(1D).3d,2P,3/2,,T7942,L3496
K,7,53.9736,0.0010,53.9735,0.0016,3,,,41.6271,64.5984,3s.3p.3d,4F*,7/2,3p2.3d,4D,5/2,,,L11207
K,1,54.0095,,,,"a,bl*",,,,,,,,,,,,,L6851
K,1,54.0095,,54.0094,0.0006,"a,bl*",,,0.00000000,22.95605,3p6.4s,2S,1/2,3p5.4s.(1P*).5s,2P*,1/2,,,L6851
K,7,54.0673,0.0010,54.0660,0.0017,1,,,49.2035,72.1355,3s.3p.(3P*).3d,2F*,7/2,3p2.(3P).3d,2F,7/2,,,L11207
K,7,54.1125,0.0010,54.1137,0.0017,4,,,45.4603,68.3721,3s.3p.3d,4D*,5/2,3p2.3d,4P,3/2,,,L11207
K,7,54.1315,0.0010,54.1313,0.0017,4,,,41.7777,64.6821,3s.3p.3d,4F*,9/2,3p2.3d,4D,7/2,,,L11207
K,1,54.2101,,,,a,,,,,,,,,,,,,L6851
K,7,54.2289,0.0010,,,1,,,,,,,,,,,,,L11207
K,1,54.2455,,54.2455,0.0006,a,,,0.00000000,22.85612,3p6.4s,2S,1/2,3p5.4s.(1P*).5s,2P*,3/2,,,L6851
K,1,54.3262,,,,a,,,,,,,,,,,,,L6851
K,7,54.3421,0.0010,54.3428,0.0017,4,,,45.4774,68.2926,3s.3p.3d,4D*,7/2,3p2.3d,4P,5/2,,,L11207
K,1,54.3460,,,,a,,,,,,,,,,,,,L6851
K,7,54.4831,0.0010,54.4837,0.0013,5,4.94e+09,,18.83120,41.5874,3s.3p2,2D,3/2,3p3,2P*,1/2,,T7942,L10660
K,1,54.4871,,,,"a,w",,,,,,,,,,,,,L6851
K,7,54.5228,0.0010,54.5232,0.0013,6,4.23e+09,,18.85201,41.5917,3s.3p2,2D,5/2,3p3,2P*,3/2,,T7942,L10660
K,1,54.5499,,,,"a,w",,,,,,,,,,,,,L6851
K,2,54.612,0.002,,,15,,,,,,,,,,,,,L3496
K,3,54.612,0.002,54.6118,0.0021,15,6.96e+06,,0.268475,22.9713,3s2.3p5,2P*,1/2,3s2.3p4.(1D).3d,2P,3/2,,T7942,L3496
K,1,54.7485,,,,a,,,,,,,,,,,,,L6851
K,1,54.8986,,,,"a,w",,,,,,,,,,,,,L6851
K,1,55.0218,,,,a,,,,,,,,,,,,,L6851
K,2,55.032,0.002,,,5,,,,,,,,,,,,,L3496
K,3,55.032,0.002,55.0320,0.0021,5,1.33e+07,,0.268475,22.7980,3s2.3p5,2P*,1/2,3s2.3p4.(1D).3d,2P,1/2,,T7942,L3496
K,7,55.0601,0.0010,55.0615,0.0017,6,7.84e+09,,31.0784,53.5958,3s2.3d,2D,3/2,3s.3p.(1P*).3d,2F*,5/2,,T7942,L10660
K,1,55.0905,,,,a,,,,,,,,,,,,,L6851
K,7,55.0968,0.0010,55.0988,0.0017,0,5.00e+08,,31.0936,53.5958,3s2.3d,2D,5/2,3s.3p.(1P*).3d,2F*,5/2,,T7942,L10660
K,1,55.2940,,,,"a,w",,,,,,,,,,,,,L6851
K,7,55.3013,0.0010,55.3018,0.0017,7,8.19e+09,,31.0936,53.5132,3s2.3d,2D,5/2,3s.3p.(1P*).3d,2F*,7/2,,T7942,L10660
K,1,55.3120,,,,"a,w",,,,,,,,,,,,,L6851
K,1,55.3860,,,,"a,w",,,,,,,,,,,,,L6851
K,2,55.4175,0.0002,55.41735,0.00010,30,1.06e+07,,0.00000,22.372812,3p6,1S,0,3p5.3d,3D*,1,,T6798,L12188
K,8,55.4198,0.0010,55.419,0.017,6,8.22e+09,,71.467,93.839,3p.3d,1F*,3,3d2,1G,4,,T7942,L10375
K,1,55.5810,,,,a,,,,,,,,,,,,,L6851
K,1,55.5906,,55.5905,0.0006,a,,,0.00000000,22.30315,3p6.4s,2S,1/2,3p5.3d.(3D*).4s,2D*,3/2,,,L6851
K,8,55.7016,0.002,55.696,0.018,2bl,1.96e+09,,16.020,38.281,3s.3p,3P*,1,3p2,3P,2,,T7942,L1558
K,7,55.7678,0.0010,55.7690,0.0018,1,,,53.4724,75.7041,3s.3p.(3P*).3d,2P*,1/2,3p2.(3P).3d,2D,3/2,,,L11207
K,7,55.8208,0.0010,55.8191,0.0018,2,,,53.3573,75.5691,3s.3p.(3P*).3d,2P*,3/2,3p2.(3P).3d,2D,5/2,,,L11207
K,7,55.9538,0.0010,55.9538,0.0018,1,,,48.8953,71.0536,3s.3p.(3P*).3d,2F*,5/2,3p2.(1S).3d,2D,3/2,,,L11207
K,10,56.074,0.003,56.074,0.009,90,2.89e+09,,298.4120,320.5227,2s2.2p5.(2P*<3/2>).3s,2[3/2]*,1,2s2.2p5.(2P*<1/2>).3p,2[1/2],0,,T6036,L7205
K,7,56.0801,0.0010,56.0802,0.0018,1,,,53.5958,75.7041,3s.3p.(1P*).3d,2F*,5/2,3p2.(3P).3d,2D,3/2,,,L11207
K,8,56.1595,0.002,56.154,0.018,2bl,2.67e+09,,15.882,37.961,3s.3p,3P*,0,3p2,3P,1,,T7942,L1558
K,7,56.2146,0.0010,56.2136,0.0018,1,,,53.5132,75.5691,3s.3p.(1P*).3d,2F*,7/2,3p2.(3P).3d,2D,5/2,,,L11207
K,8,56.4480,0.002,56.442,0.018,5,5.70e+09,,16.314,38.281,3s.3p,3P*,2,3p2,3P,2,,T7942,L1558
K,8,56.5132,0.002,56.507,0.018,0,1.96e+09,,16.020,37.961,3s.3p,3P*,1,3p2,3P,1,,T7942,L1558
K,8,56.9506,0.002,56.944,0.018,1,7.64e+09,,16.020,37.793,3s.3p,3P*,1,3p2,3P,0,,T7942,L1558
K,1,57.1281,,,,a,,,,,,,,,,,,,L6851
K,6,57.1564,0.0008,57.1564,0.0009,0,9.24e+07,,5.37581,27.06790,3s2.3p2,1S,0,3s.3p3,3S*,1,,T4909,L3633
K,7,57.2487,0.0010,57.2466,0.0019,5,,,41.7777,63.4356,3s.3p.3d,4F*,9/2,3p2.3d,4F,9/2,,,L11207
K,8,57.2820,0.002,57.275,0.019,2,3.12e+09,,16.314,37.961,3s.3p,3P*,2,3p2,3P,1,,T7942,L1558
K,2,57.463,0.002,,,5,,,,,,,,,,,,,L3496
K,7,57.5181,0.0010,57.5159,0.0019,1,,,41.6271,63.1836,3s.3p.3d,4F*,7/2,3p2.3d,4F,5/2,,,L11207
K,7,57.6225,0.0010,57.6216,0.0019,2,,,41.7777,63.2947,3s.3p.3d,4F*,9/2,3p2.3d,4F,7/2,,,L11207
K,1,57.789,,,,a,,,,,,,,,,,,,L3602
K,1,57.870,,57.8704,0.0013,a,,,0.00000000,21.4245,3p6.4s,2S,1/2,3p5.3d.(3D*).4s,4D*,1/2,,,L3602
K,1,57.930,,57.9297,0.0013,a,,,0.00000000,21.4025,3p6.4s,2S,1/2,3p5.3d.(3D*).4s,4D*,3/2,,,L3602
K,5,58.0320,0.0008,58.0320,0.0010,500,1.64e+09,,2.97717,24.34197,3s2.3p3,2D*,3/2,3s2.3p2.(3P).3d,2P,1/2,,T7942,L3633
K,8,58.1388,0.0010,58.139,0.019,3,3.03e+09,,72.583,93.908,3p.3d,1P*,1,3d2,1D,2,,T7942,L10375
K,11,58.183,0.010,58.20,0.12,7,2.58e+09,,338.20,359.51,2s2.2p4.(1D).3s,2D,5/2,2s2.2p4.(1D).3p,2D*,5/2,,T6437,L11908
K,8,58.4223,0.0010,58.443,0.019,3,8.16e+07,,16.020,37.235,3s.3p,3P*,1,3p2,1D,2,,T7942,L10522
K,4,58.4314,0.0008,58.4319,0.0010,0,,,0.00000,21.21859,3s2.3p4,3P,2,3s.3p5,1P*,1,,,L3633
K,8,58.4855,0.0010,58.490,0.019,2,4.90e+08,,45.652,66.849,3s.3d,3D,2,3p.3d,3D*,3,,T7942,L10522
K,8,58.5310,0.0010,58.535,0.019,10bl,3.21e+09,,45.668,66.849,3s.3d,3D,3,3p.3d,3D*,3,,T7942,L10522
K,8,58.5393,0.0010,58.543,0.019,10bl,3.10e+09,,45.652,66.830,3s.3d,3D,2,3p.3d,3D*,2,,T7942,L10522
K,5,58.5506,0.0008,58.5505,0.0010,300,1.60e+08,,2.97717,24.15275,3s2.3p3,2D*,3/2,3s2.3p2.(3P).3d,2P,3/2,,T7942,L3633
K,5,58.6321,0.0008,58.6319,0.0010,500,1.50e+09,,3.00657,24.15275,3s2.3p3,2D*,5/2,3s2.3p2.(3P).3d,2P,3/2,,T7942,L3633
K,8,58.6774,0.0010,58.681,0.019,5,3.77e+09,,45.642,66.771,3s.3d,3D,1,3p.3d,3D*,1,,T7942,L10522
K,7,59.0302,0.0010,59.0301,0.0020,1,,,46.6510,67.6546,3s.3p.(3P*).3d,2D*,5/2,3p2.(1D).3d,2D,5/2,,,L11207
K,8,59.1053,0.0010,59.106,0.020,3,4.02e+09,,45.642,66.618,3s.3d,3D,1,3p.3d,3P*,0,,T7942,L10522
K,8,59.2420,0.0010,59.265,0.020,4,1.73e+08,,16.314,37.235,3s.3p,3P*,2,3p2,1D,2,,T7942,L10522
K,11,59.270,0.010,59.22,0.12,6,2.71e+09,,338.29,359.23,2s2.2p4.(1D).3s,2D,3/2,2s2.2p4.(1D).3p,2D*,3/2,,T6437,L11908
K,10,59.436,0.003,59.436,0.010,120,1.34e+09,,300.3678,321.2279,2s2.2p5.(2P*<1/2>).3s,2[1/2]*,0,2s2.2p5.(2P*<1/2>).3p,2[1/2],1,,T6036,L7205
K,8,59.5161,0.0010,59.522,0.020,5,3.82e+09,,45.652,66.482,3s.3d,3D,2,3p.3d,3P*,1,,T7942,L10522
K,8,59.8871,0.0010,59.883,0.020,6,3.75e+09,,45.668,66.372,3s.3d,3D,3,3p.3d,3P*,2,,T7942,L10522
K,2,60.0755,0.0002,60.07547,0.00011,50,2.3e+09,,0.00000,20.638075,3p6,1S,0,3p5.4s,1P*,1,,T6798,L12188
K,8,60.1245,0.0010,60.100,0.020,4,4.96e+09,,51.953,72.583,3s.3d,1D,2,3p.3d,1P*,1,,T7942,L10522
K,5,60.2257,0.0008,60.2258,0.0010,300,7.39e+08,,4.92938,25.51594,3s2.3p3,2P*,1/2,3s.3p4,2S,1/2,,T7942,L3633
K,10,60.336,0.01,60.312,0.010,j,1.12e+09,,298.4120,[318.9692],2s2.2p5.(2P*<3/2>).3s,2[3/2]*,1,2s2.2p5.(2P*<3/2>).3p,2[3/2],2,,T6036,L11284
K,5,60.3429,0.0008,60.3429,0.0010,350,1.58e+09,,4.96931,25.51594,3s2.3p3,2P*,3/2,3s.3p4,2S,1/2,,T7942,L3633
K,8,60.5680,0.0010,60.587,0.021,10,7.74e+09,,23.872,44.336,3s.3p,1P*,1,3p2,1S,0,,T7942,L10522
K,10,60.657,0.003,60.660,0.010,100,1.75e+09,,330.6986,351.1378,2s2.2p5.(2P*<3/2>).3p,2[1/2],0,2s2.2p5.(2P*<1/2>).3d,2[3/2]*,1,,T6036,L7205
K,2,60.7932,0.0002,60.79323,0.00012,60,4.2e+08,,0.00000,20.394409,3p6,1S,0,3p5.3d,3P*,1,,T6798,L12188
K,6,61.1864,0.0008,61.1864,0.0011,4,3.67e+08,,0.00000,20.26336,3s2.3p2,3P,0,3s.3p3,3P*,1,,T4909,L3633
K,2,61.2625,0.0002,61.26242,0.00012,65,1.2e+08,,0.00000,20.238213,3p6,1S,0,3p5.4s,3P*,1,,T6798,L12188
K,1,61.347,,61.3474,0.0015,"a,d",,,0.00000000,20.2102,3p6.4s,2S,1/2,3p5.3d.(3P*).4s,2P*,3/2,,,L3602
K,11,61.417,0.010,61.43,0.13,27,2.55e+09,,327.38,347.56,2s2.2p4.(3P).3s,4P,5/2,2s2.2p4.(3P).3p,4D*,7/2,,T6437,L11908
K,1,61.575,,61.5748,0.0015,"a,d",,,0.00000000,20.1355,3p6.4s,2S,1/2,3p5.3d.(3P*).4s,2P*,1/2,,,L3602
K,6,61.6122,0.0008,61.6122,0.0008,4*,2.24e+08,,0.140415,20.26373,3s2.3p2,3P,1,3s.3p3,3P*,2,,T4909,L3633
K,6,61.6122,0.0008,61.6134,0.0008,4*,3.46e+08,,0.140415,20.26336,3s2.3p2,3P,1,3s.3p3,3P*,1,,T4909,L3633
K,6,61.6189,0.0008,61.6186,0.0008,3,1.11e+09,,0.140415,20.26166,3s2.3p2,3P,1,3s.3p3,3P*,0,,T4909,L3633
K,9,62.1452,0.0005,62.1452,0.0007,6,3.09e+09,,0.00000,19.95073,2p6.3s,2S,1/2,2p6.3p,2P*,3/2,,T7942,L3851
K,10,62.212,0.003,62.212,0.011,70,1.19e+09,,301.2986,321.2279,2s2.2p5.(2P*<1/2>).3s,2[1/2]*,1,2s2.2p5.(2P*<1/2>).3p,2[1/2],1,,T6036,L7205
K,6,62.3012,0.0008,62.3011,0.0011,9*,8.34e+08,,0.36293,20.26373,3s2.3p2,3P,2,3s.3p3,3P*,2,,T4909,L3633
K,6,62.3012,0.0008,62.3023,0.0011,9*,3.82e+08,,0.36293,20.26336,3s2.3p2,3P,2,3s.3p3,3P*,1,,T4909,L3633
K,10,62.409,0.003,62.410,0.011,90,1.12e+09,,297.4589,317.3250,2s2.2p5.(2P*<3/2>).3s,2[3/2]*,2,2s2.2p5.(2P*<3/2>).3p,2[5/2],2,,T6036,L7205
K,10,62.519,0.003,62.519,0.011,bl,2.47e+09,,301.2986,321.1300,2s2.2p5.(2P*<1/2>).3s,2[1/2]*,1,2s2.2p5.(2P*<1/2>).3p,2[3/2],2,,T6036,L7205
K,10,62.531,0.003,62.531,0.011,bl,1.26e+09,,300.3678,320.1954,2s2.2p5.(2P*<1/2>).3s,2[1/2]*,0,2s2.2p5.(2P*<1/2>).3p,2[3/2],1,,T6036,L7205
K,6,62.5410,0.0008,62.5410,0.0011,8,1.53e+09,,2.35295,22.17741,3s2.3p2,1D,2,3s.3p3,1D*,2,,T4909,L3633
K,10,62.602,0.003,62.601,0.011,290,2.68e+09,,297.4589,317.2644,2s2.2p5.(2P*<3/2>).3s,2[3/2]*,2,2s2.2p5.(2P*<3/2>).3p,2[5/2],3,,T6036,L7205
K,1,62.626,,62.6260,0.0016,a,,,0.00000000,19.7975,3p6.4s,2S,1/2,3p5.3d.(3P*).4s,4P*,3/2,,,L3602
K,10,62.639,0.003,62.639,0.011,100,2.16e+09,,298.4120,318.2053,2s2.2p5.(2P*<3/2>).3s,2[3/2]*,1,2s2.2p5.(2P*<3/2>).3p,2[3/2],1,,T6036,L7205
K,1,62.748,,62.7482,0.0016,"a,d",,,0.00000000,19.7590,3p6.4s,2S,1/2,3p5.3d.(3P*).4s,4P*,1/2,,,L3602
K,7,62.9103,0.0010,62.9105,0.0022,2,,,44.9740,64.6821,3s.3p.3d,4P*,5/2,3p2.3d,4D,7/2,,,L11207
K,7,63.5106,0.0010,63.5106,0.0023,1,,,45.0766,64.5984,3s.3p.3d,4P*,3/2,3p2.3d,4D,5/2,,,L11207
K,8,63.5625,0.0010,63.536,0.023,8,5.88e+09,,51.953,71.467,3s.3d,1D,2,3p.3d,1F*,3,,T7942,L10522
K,9,63.6325,0.0005,63.6325,0.0007,5,2.87e+09,,0.00000,19.48441,2p6.3s,2S,1/2,2p6.3p,2P*,1/2,,T7942,L3851
K,5,63.8681,0.0008,63.8679,0.0012,150,1.54e+08,,4.92938,24.34197,3s2.3p3,2P*,1/2,3s2.3p2.(3P).3d,2P,1/2,,T7942,L3633
K,5,63.9994,0.0008,63.9996,0.0012,100,5.35e+07,,4.96931,24.34197,3s2.3p3,2P*,3/2,3s2.3p2.(3P).3d,2P,1/2,,T7942,L3633
K,11,64.474,0.010,64.45,0.15,5,1.98e+09,,328.93,348.17,2s2.2p4.(3P).3s,4P,3/2,2s2.2p4.(3P).3p,4D*,5/2,,T6437,L11908
K,5,64.4964,0.0008,64.4966,0.0012,100,2.92e+07,,4.92938,24.15275,3s2.3p3,2P*,1/2,3s2.3p2.(3P).3d,2P,3/2,,T7942,L3633
K,4,64.6181,0.0008,64.6181,0.0008,11,8.73e+08,,2.03136,21.21859,3s2.3p4,1D,2,3s.3p5,1P*,1,,T4943,L3633
K,5,64.6308,0.0008,64.6308,0.0012,150,9.60e+07,,4.96931,24.15275,3s2.3p3,2P*,3/2,3s2.3p2.(3P).3d,2P,3/2,,T7942,L3633
K,11,65.174,0.010,65.16,0.15,11*,1.96e+09,,331.22,350.25,2s2.2p4.(3P).3s,2P,3/2,2s2.2p4.(3P).3p,2D*,5/2,,T6437,L11908
K,11,65.174,0.010,65.19,0.15,11*,2.12e+09,,338.20,357.22,2s2.2p4.(1D).3s,2D,5/2,2s2.2p4.(1D).3p,2F*,7/2,,T6437,L11908
K,1,65.323,,65.3232,0.0013,"a,w",,,0.00000000,18.9801,3p6.4s,2S,1/2,3p5.4s2,2P*,1/2,,,L3602
K,10,65.555,0.003,65.555,0.012,140,1.36e+09,,298.4120,317.3250,2s2.2p5.(2P*<3/2>).3s,2[3/2]*,1,2s2.2p5.(2P*<3/2>).3p,2[5/2],2,,T6036,L7205
K,10,65.619,0.003,65.611,0.012,100d,1.19e+09,,301.2986,320.1954,2s2.2p5.(2P*<1/2>).3s,2[1/2]*,1,2s2.2p5.(2P*<1/2>).3p,2[3/2],1,,T6036,L7205
K,7,65.8398,0.0008,65.8398,0.0019,5,5.75e+08,,0.00000,18.83120,3s2.3p,2P*,1/2,3s.3p2,2D,3/2,,T7942,L3633
K,1,66.222,,66.2217,0.0013,"a,w",,,0.00000000,18.7226,3p6.4s,2S,1/2,3p5.4s2,2P*,3/2,,,L3602
K,7,67.1512,0.0008,67.1513,0.0009,6,6.09e+08,,0.388601,18.85201,3s2.3p,2P*,3/2,3s.3p2,2D,5/2,,T7942,L3633
K,11,67.175,0.010,67.11,0.16,4,1.65e+09,,338.29,356.76,2s2.2p4.(1D).3s,2D,3/2,2s2.2p4.(1D).3p,2F*,5/2,,T6437,L11908
K,7,67.2269,0.0008,67.2271,0.0009,0,7.50e+07,,0.388601,18.83120,3s2.3p,2P*,3/2,3s.3p2,2D,3/2,,T7942,L3633
K,1,67.36,,67.35,0.03,6,,,1.60995784350,20.020,3p6.4p,2P*,1/2,3p5.(2P*).4s.4p.(3P*),4S,3/2,,,L11806
K,1,67.39,,67.37,0.03,23,,,1.6171130092,20.020,3p6.4p,2P*,3/2,3p5.(2P*).4s.4p.(3P*),4S,3/2,,,L11806
K,7,68.4584,0.0010,68.462,0.003,3,5.79e+08,,31.0936,49.2035,3s2.3d,2D,5/2,3s.3p.(3P*).3d,2F*,7/2,,T7942,L10660
K,7,68.4711,0.0010,68.4714,0.0021,4,8.89e+08,,18.85201,36.9594,3s.3p2,2D,5/2,3p3,2D*,5/2,,T7942,L10660
K,7,68.5376,0.0010,68.5382,0.0021,3,7.92e+08,,18.83120,36.9210,3s.3p2,2D,3/2,3p3,2D*,3/2,,T7942,L10660
K,5,68.6373,0.0008,68.6373,0.0013,150,2.92e+07,,2.97717,21.04084,3s2.3p3,2D*,3/2,3s.3p4,2D,5/2,,T7942,L3633
K,5,68.6968,0.0008,68.6969,0.0013,450,6.49e+08,,2.97717,21.02518,3s2.3p3,2D*,3/2,3s.3p4,2D,3/2,,T7942,L3633
K,5,68.7492,0.0008,68.7492,0.0013,450,6.20e+08,,3.00657,21.04084,3s2.3p3,2D*,5/2,3s.3p4,2D,5/2,,T7942,L3633
K,5,68.8091,0.0008,68.8090,0.0013,150,4.52e+07,,3.00657,21.02518,3s2.3p3,2D*,5/2,3s.3p4,2D,3/2,,T7942,L3633
K,7,69.0445,0.0010,69.040,0.003,2,,,45.4774,63.4356,3s.3p.3d,4D*,7/2,3p2.3d,4F,9/2,,,L11207
K,11,69.095,0.010,69.11,0.17,6,1.53e+09,,327.38,345.32,2s2.2p4.(3P).3s,4P,5/2,2s2.2p4.(3P).3p,4P*,5/2,,T6437,L11908
K,1,69.17,,69.12,0.03,2*,,,2.6702462,20.609,3p6.3d,2D,3/2,3p5.3d.(3F*).4s,4F*,3/2,,,L11806
K,1,69.17,,69.12,0.03,2*,,,2.6699600,20.609,3p6.3d,2D,5/2,3p5.3d.(3F*).4s,4F*,3/2,,,L11806
K,7,69.5198,0.0010,69.520,0.003,2,,,45.4603,63.2947,3s.3p.3d,4D*,5/2,3p2.3d,4F,7/2,,,L11207
K,7,69.5909,0.0010,69.588,0.003,2p,4.82e+08,,31.0784,48.8953,3s2.3d,2D,3/2,3s.3p.(3P*).3d,2F*,5/2,,T7942,L10660
K,7,69.8060,0.0010,69.806,0.003,1,,,45.4224,63.1836,3s.3p.3d,4D*,3/2,3p2.3d,4F,5/2,,,L11207
K,7,70.2351,0.0010,70.2368,0.0022,3,4.18e+08,,23.93943,41.5917,3s.3p2,2S,1/2,3p3,2P*,3/2,,T7942,L10660
K,3,70.884,0.002,,,20,,,,,,,,,,,,,L3496
K,6,71.0526,0.0008,71.0523,0.0014,7,2.21e+08,,0.00000,17.44970,3s2.3p2,3P,0,3s.3p3,3D*,1,,T4909,L3633
K,6,71.6016,0.0008,71.6010,0.0010,9,2.90e+08,,0.140415,17.45640,3s2.3p2,3P,1,3s.3p3,3D*,2,,T4909,L3633
K,6,71.6289,0.0008,71.6287,0.0010,5,1.20e+08,,0.140415,17.44970,3s2.3p2,3P,1,3s.3p3,3D*,1,,T4909,L3633
K,5,72.0440,0.0008,72.0440,0.0015,400,3.92e+08,,0.00000,17.20952,3s2.3p3,4S*,3/2,3s.3p4,4P,1/2,,T7942,L3633
K,1,72.10,,72.09,0.03,27*,,,2.6702462,19.868,3p6.3d,2D,3/2,3p5.3d.(3P*).4s,4P*,5/2,,,L11806
K,1,72.10,,72.09,0.03,27*,,,2.6699600,19.868,3p6.3d,2D,5/2,3p5.3d.(3P*).4s,4P*,5/2,,,L11806
K,8,72.1354,0.0010,72.15,0.03,6,1.80e+09,,45.668,62.853,3s.3d,3D,3,3p.3d,3F*,4,,T7942,L10522
K,6,72.4278,0.0008,72.4278,0.0015,10,3.27e+08,,0.36293,17.48124,3s2.3p2,3P,2,3s.3p3,3D*,3,,T4909,L3633
K,5,72.4441,0.0008,72.4441,0.0015,450,3.87e+08,,0.00000,17.11447,3s2.3p3,4S*,3/2,3s.3p4,4P,3/2,,T7942,L3633
K,6,72.5328,0.0008,72.5330,0.0015,4,5.02e+07,,0.36293,17.45640,3s2.3p2,3P,2,3s.3p3,3D*,2,,T4909,L3633
K,8,72.997,0.0010,73.00,0.03,5bl,1.50e+09,,45.652,62.635,3s.3d,3D,2,3p.3d,3F*,3,,T7942,L10522
K,8,73.066,0.0010,73.07,0.03,2,2.30e+08,,45.668,62.635,3s.3d,3D,3,3p.3d,3F*,3,,T7942,L10522
K,5,73.1869,0.0008,73.1869,0.0015,500,3.80e+08,,0.00000,16.94077,3s2.3p3,4S*,3/2,3s.3p4,4P,5/2,,T7942,L3633
K,4,73.7146,0.0008,73.7146,0.0015,10,1.23e+08,,0.00000,16.81949,3s2.3p4,3P,2,3s.3p5,3P*,1,,T4943,L3633
K,8,73.733,0.0010,73.73,0.03,4bl,1.33e+09,,45.642,62.458,3s.3d,3D,1,3p.3d,3F*,2,,T7942,L10522
K,8,73.771,0.0010,73.77,0.03,2,2.82e+08,,45.652,62.458,3s.3d,3D,2,3p.3d,3F*,2,,T7942,L10522
K,4,74.1941,0.0008,74.1943,0.0011,10,2.91e+08,,0.20726,16.91802,3s2.3p4,3P,1,3s.3p5,3P*,0,,T4943,L3633
K,4,74.5258,0.0008,74.5258,0.0016,12,2.19e+08,,0.00000,16.63642,3s2.3p4,3P,2,3s.3p5,3P*,2,,T4943,L3633
K,4,74.6342,0.0008,74.6343,0.0011,9,7.18e+07,,0.20726,16.81949,3s2.3p4,3P,1,3s.3p5,3P*,1,,T4943,L3633
K,4,74.9979,0.0008,74.9979,0.0016,10,9.88e+07,,0.28779,16.81949,3s2.3p4,3P,0,3s.3p5,3P*,1,,T4943,L3633
K,1,75.29,,75.27,0.04,4*,,,3.3969373,19.868,3p6.4d,2D,3/2,3p5.3d.(3P*).4s,4P*,5/2,,,L6105
K,1,75.29,,75.27,0.04,4*,,,3.3968046,19.868,3p6.4d,2D,5/2,3p5.3d.(3P*).4s,4P*,5/2,,,L6105
K,4,75.4187,0.0008,75.4186,0.0012,1,,,4.77913,21.21859,3s2.3p4,1S,0,3s.3p5,1P*,1,,,L3633
K,4,75.4658,0.0008,75.4659,0.0012,10,7.26e+07,,0.20726,16.63642,3s2.3p4,3P,1,3s.3p5,3P*,2,,T4943,L3633
K,3,76.531,0.002,,,20,,,,,,,,,,,,,L3496
K,3,76.564,0.002,76.5638,0.0025,30,3.23e+08,,0.0000,16.1936,3s2.3p5,2P*,3/2,3s.3p6,2S,1/2,,T7399,L3496
K,1,76.90,,76.89,0.04,1*,,,3.7425557,19.868,3p6.5d,2D,3/2,3p5.3d.(3P*).4s,4P*,5/2,,,L6105
K,1,76.90,,76.89,0.04,1*,,,3.7424933,19.868,3p6.5d,2D,5/2,3p5.3d.(3P*).4s,4P*,5/2,,,L6105
K,5,77.0289,0.0008,77.0289,0.0017,200,5.86e+07,,4.92938,21.02518,3s2.3p3,2P*,1/2,3s.3p4,2D,3/2,,T7942,L3633
K,5,77.1454,0.0008,77.1453,0.0017,250,8.39e+07,,4.96931,21.04084,3s2.3p3,2P*,3/2,3s.3p4,2D,5/2,,T7942,L3633
K,7,77.5676,0.0010,77.566,0.003,2,7.06e+08,,25.60310,41.5874,3s.3p2,2P,1/2,3p3,2P*,1/2,,T7942,L10660
K,1,77.82,,77.79,0.04,1*,,,3.9298237,19.868,3p6.6d,2D,3/2,3p5.3d.(3P*).4s,4P*,5/2,,,L6105
K,1,77.82,,77.79,0.04,1*,,,3.9297908,19.868,3p6.6d,2D,5/2,3p5.3d.(3P*).4s,4P*,5/2,,,L6105
K,3,77.853,0.002,77.8546,0.0018,35,1.61e+08,,0.268475,16.1936,3s2.3p5,2P*,1/2,3s.3p6,2S,1/2,,T7399,L3496
K,7,78.7251,0.0010,78.723,0.003,2,7.36e+08,,25.84234,41.5917,3s.3p2,2P,3/2,3p3,2P*,3/2,,T7942,L10660
K,3,87.231,0.002,,,20,,,,,,,,,,,,,L3496
K,3,87.386,0.002,,,10,,,,,,,,,,,,,L3496
K,3,87.404,0.002,,,15,,,,,,,,,,,,,L3496
K,8,92.7170,0.0010,92.78,0.05,8,5.75e+08,,23.872,37.235,3s.3p,1P*,1,3p2,1D,2,,T7942,L10522
K,2,124.7036,0.0010,124.7040,0.0008,5,6.88e+05,,20.147767,30.09005,3p5.4s,3P*,2,3p5.(2P*<3/2>).6f,2[3/2],1,,T8304,L12188
K,2,125.8385,0.0010,125.8367,0.0005,2,8.68e+07,,20.238213,30.09100,3p5.4s,3P*,1,3p5.(2P*<3/2>).6f,2[3/2],2,,T8304,L12188
K,2,126.1664,0.0010,126.1662,0.0008,2,2.08e+08,,20.262998,30.09005,3p5.3d,3P*,0,3p5.(2P*<3/2>).6f,2[3/2],1,,T8304,L12188
K,9,,,127.22,0.07,,1.8e+09,C,94.013,103.759,2p6.4p,2P*,1/2,2p6.4d,2D,3/2,,"T1619interp,LS",
K,2,127.8623,0.0010,127.8637,0.0005,5,3.11e+08,,20.394409,30.09100,3p5.3d,3P*,1,3p5.(2P*<3/2>).6f,2[3/2],2,,T8304,L12188
K,2,128.4628,0.0010,128.4632,0.0005,8,5.46e+08,,20.448453,30.09979,3p5.3d,3P*,2,3p5.(2P*<3/2>).6f,2[5/2],3,,T8304,L12188
K,2,128.5786,0.0010,128.5803,0.0005,2,1.41e+08,,20.448453,30.09100,3p5.3d,3P*,2,3p5.(2P*<3/2>).6f,2[3/2],2,,T8304,L12188
K,9,,,129.34,0.07,,2.0e+09,C,94.189,103.775,2p6.4p,2P*,3/2,2p6.4d,2D,5/2,,"T1619interp,LS",
K,9,,,129.56,0.07,,3.5e+08,D,94.189,103.759,2p6.4p,2P*,3/2,2p6.4d,2D,3/2,,"T1619interp,LS",
K,2,129.8693,0.0010,129.8691,0.0005,8,2.05e+06,,20.147767,29.69462,3p5.4s,3P*,2,3p5.(2P*<1/2>).5f,2[5/2],2,,T8304,L12188
K,2,133.8358,0.0010,133.8371,0.0011,2,8.85e+06,,20.147767,29.41158,3p5.4s,3P*,2,3p5.(2P*<3/2>).5f,2[3/2],2,,T8304,L12188
K,2,134.0909,0.0010,134.0925,0.0006,5,7.43e+06,,20.448453,29.69462,3p5.3d,3P*,2,3p5.(2P*<1/2>).5f,2[5/2],2,,T8304,L12188
K,2,134.1233,0.0010,134.1223,0.0007,15,1.04e+08,,20.448453,29.69257,3p5.3d,3P*,2,3p5.(2P*<1/2>).5f,2[5/2],3,,T8304,L12188
K,2,134.9075,0.0010,134.9082,0.0004,15,1.02e+07,,20.238213,29.428480,3p5.4s,3P*,1,3p5.(2P*<3/2>).5f,2[5/2],2,,T8304,L12188
K,2,135.1844,0.0010,135.1854,0.0006,10,2.76e+07,,20.238213,29.40963,3p5.4s,3P*,1,3p5.(2P*<3/2>).5f,2[3/2],1,,T8304,L12188
K,2,135.5513,0.0010,135.5517,0.0006,20,8.08e+07,,20.262998,29.40963,3p5.3d,3P*,0,3p5.(2P*<3/2>).5f,2[3/2],1,,T8304,L12188
K,2,137.4990,0.0010,137.4979,0.0012,25,8.35e+07,,20.394409,29.41158,3p5.3d,3P*,1,3p5.(2P*<3/2>).5f,2[3/2],2,,T8304,L12188
K,2,137.5243,0.0010,137.5276,0.0006,40,4.32e+07,,20.394409,29.40963,3p5.3d,3P*,1,3p5.(2P*<3/2>).5f,2[3/2],1,,T8304,L12188
K,2,137.5903,0.0010,137.5904,0.0010,20,1.63e+09,,21.083414,30.09452,3p5.3d,3F*,4,3p5.(2P*<3/2>).6f,2[9/2],5,,T8304,L12188
K,2,138.1009,0.0010,138.1004,0.0004,20,1.86e+08,,20.448453,29.426286,3p5.3d,3P*,2,3p5.(2P*<3/2>).5f,2[5/2],3,,T8304,L12188
K,2,138.7732,0.0010,138.7746,0.0007,5,6.19e+06,,20.475420,29.40963,3p5.4s,3P*,0,3p5.(2P*<3/2>).5f,2[3/2],1,,T8304,L12188
K,2,138.9285,0.0010,138.9275,0.0008,8bl*,1.27e+08,,21.180357,30.10474,3p5.3d,3F*,3,3p5.(2P*<3/2>).6f,2[7/2],4,,T8304,L12188
K,2,138.9285,0.0010,138.9284,0.0010,8bl*,1.28e+08,,21.180357,30.10468,3p5.3d,3F*,3,3p5.(2P*<3/2>).6f,2[7/2],3,,T8304,L12188
K,2,138.9970,0.0010,138.9976,0.0006,1,9.32e+06,,21.180357,30.10024,3p5.3d,3F*,3,3p5.(2P*<3/2>).6f,2[5/2],2,,T8304,L12188
K,2,139.0803,0.0010,139.0799,0.0006,10,6.59e+08,,21.180357,30.09496,3p5.3d,3F*,3,3p5.(2P*<3/2>).6f,2[9/2],4,,T8304,L12188
K,2,140.3544,0.0010,140.3536,0.0006,1,3.49e+06,,21.266092,30.09979,3p5.3d,3F*,2,3p5.(2P*<3/2>).6f,2[5/2],3,,T8304,L12188
K,2,145.6525,0.0010,145.6524,0.0011,15,2.52e+08,,21.180357,29.69269,3p5.3d,3F*,3,3p5.(2P*<1/2>).5f,2[7/2],4,,T8304,L12188
K,2,147.1388,0.0010,147.1393,0.0007,25,4.32e+08,,21.266092,29.69241,3p5.3d,3F*,2,3p5.(2P*<1/2>).5f,2[7/2],3,,T8304,L12188
K,2,148.4555,0.0010,148.4576,0.0005,25,3.84e+06,,21.083414,29.434903,3p5.3d,3F*,4,3p5.(2P*<3/2>).5f,2[7/2],3,,T8304,L12188
K,2,148.6113,0.0010,148.6109,0.0005,3,6.81e+06,,21.083414,29.426286,3p5.3d,3F*,4,3p5.(2P*<3/2>).5f,2[5/2],3,,T8304,L12188
K,2,148.7609,0.0010,148.7608,0.0011,40,1.15e+09,,21.083414,29.41788,3p5.3d,3F*,4,3p5.(2P*<3/2>).5f,2[9/2],5,,T8304,L12188
K,2,149.2040,0.0010,149.2043,0.0005,15,2.81e+06,,20.147767,28.457461,3p5.4s,3P*,2,3p5.(2P*<1/2>).4f,2[5/2],2,,T8304,L12188
K,2,149.2450,0.0010,149.2442,0.0003,15,3.98e+07,,20.147767,28.455241,3p5.4s,3P*,2,3p5.(2P*<1/2>).4f,2[5/2],3,,T8304,L12188
K,2,150.3177,0.0010,150.3181,0.0005,5,7.25e+06,,21.180357,29.428480,3p5.3d,3F*,3,3p5.(2P*<3/2>).5f,2[5/2],2,,T8304,L12188
K,2,150.3581,0.0010,150.3581,0.0005,6,2.27e+07,,21.180357,29.426286,3p5.3d,3F*,3,3p5.(2P*<3/2>).5f,2[5/2],3,,T8304,L12188
K,2,150.5024,0.0010,150.5022,0.0005,10,5.40e+08,,21.180357,29.418388,3p5.3d,3F*,3,3p5.(2P*<3/2>).5f,2[9/2],4,,T8304,L12188
K,2,150.8465,0.0010,150.8462,0.0005,10,2.92e+07,,20.238213,28.457461,3p5.4s,3P*,1,3p5.(2P*<1/2>).4f,2[5/2],2,,T8304,L12188
K,2,151.7777,0.0010,151.7775,0.0005,15,2.41e+08,,21.266092,29.434903,3p5.3d,3F*,2,3p5.(2P*<3/2>).5f,2[7/2],3,,T8304,L12188
K,2,151.8974,0.0010,151.8970,0.0005,6,4.31e+07,,21.266092,29.428480,3p5.3d,3F*,2,3p5.(2P*<3/2>).5f,2[5/2],2,,T8304,L12188
K,2,151.9379,0.0010,151.9378,0.0005,3,2.63e+06,,21.266092,29.426286,3p5.3d,3F*,2,3p5.(2P*<3/2>).5f,2[5/2],3,,T8304,L12188
K,2,152.2492,0.0010,152.2485,0.0007,7,2.33e+06,,21.266092,29.40963,3p5.3d,3F*,2,3p5.(2P*<3/2>).5f,2[3/2],1,,T8304,L12188
K,2,153.7685,0.0010,153.7683,0.0005,15,8.17e+07,,20.394409,28.457461,3p5.3d,3P*,1,3p5.(2P*<1/2>).4f,2[5/2],2,,T8304,L12188
K,2,154.8479,0.0010,154.8489,0.0003,50,5.00e+08,,20.448453,28.455241,3p5.3d,3P*,2,3p5.(2P*<1/2>).4f,2[5/2],3,,T8304,L12188
K,2,157.0629,0.0010,157.0628,0.0006,40,2.96e+08,,20.262998,28.156923,3p5.3d,3P*,0,3p5.(2P*<3/2>).4f,2[3/2],1,,T8304,L12188
K,2,157.6698,0.0010,157.6650,0.0008,5bl*,7.11e+07,,22.236467,30.10024,3p5.3d,1D*,2,3p5.(2P*<3/2>).6f,2[5/2],2,,T8304,L12188
K,2,157.6698,0.0010,157.6740,0.0008,5bl*,3.49e+06,,22.236467,30.09979,3p5.3d,1D*,2,3p5.(2P*<3/2>).6f,2[5/2],3,,T8304,L12188
K,2,157.6898,0.0010,157.6907,0.0010,10,6.31e+08,,22.242244,30.10474,3p5.3d,3D*,3,3p5.(2P*<3/2>).6f,2[7/2],4,,T8304,L12188
K,2,157.7804,0.0010,157.7810,0.0008,1bl*,1.15e+06,,22.242244,30.10024,3p5.3d,3D*,3,3p5.(2P*<3/2>).6f,2[5/2],2,,T8304,L12188
K,2,157.7804,0.0010,157.7899,0.0008,1bl*,1.21e+06,,22.242244,30.09979,3p5.3d,3D*,3,3p5.(2P*<3/2>).6f,2[5/2],3,,T8304,L12188
K,2,157.8869,0.0010,157.8871,0.0008,6,1.63e+08,,22.242244,30.09496,3p5.3d,3D*,3,3p5.(2P*<3/2>).6f,2[9/2],4,,T8304,L12188
K,2,159.0453,0.0010,159.0452,0.0004,15,1.00e+08,,20.394409,28.189940,3p5.3d,3P*,1,3p5.(2P*<3/2>).4f,2[5/2],2,,T8304,L12188
K,2,159.6643,0.0010,159.6648,0.0004,40,4.04e+08,,20.394409,28.159688,3p5.3d,3P*,1,3p5.(2P*<3/2>).4f,2[3/2],2,,T8304,L12188
K,2,159.7217,0.0010,159.7217,0.0006,65,2.10e+08,,20.394409,28.156923,3p5.3d,3P*,1,3p5.(2P*<3/2>).4f,2[3/2],1,,T8304,L12188
K,2,160.1544,0.0010,160.1555,0.0004,7,4.31e+07,,20.448453,28.189940,3p5.3d,3P*,2,3p5.(2P*<3/2>).4f,2[5/2],2,,T8304,L12188
K,2,160.2137,0.0010,160.2153,0.0006,75,8.69e+08,,20.448453,28.187051,3p5.3d,3P*,2,3p5.(2P*<3/2>).4f,2[5/2],3,,T8304,L12188
K,2,160.3115,0.0010,160.3116,0.0008,5,2.06e+08,,22.365844,30.09979,3p5.3d,3D*,2,3p5.(2P*<3/2>).6f,2[5/2],3,,T8304,L12188
K,2,160.4468,0.0010,160.4469,0.0008,7,1.63e+08,,22.372812,30.10024,3p5.3d,3D*,1,3p5.(2P*<3/2>).6f,2[5/2],2,,T8304,L12188
K,2,160.4948,0.0010,160.4941,0.0008,2,4.82e+07,,22.365844,30.09100,3p5.3d,3D*,2,3p5.(2P*<3/2>).6f,2[3/2],2,,T8304,L12188
K,2,160.7833,0.0010,160.7839,0.0004,20,1.95e+08,,20.448453,28.159688,3p5.3d,3P*,2,3p5.(2P*<3/2>).4f,2[3/2],2,,T8304,L12188
K,2,160.8399,0.0010,160.8415,0.0006,15,1.95e+07,,20.448453,28.156923,3p5.3d,3P*,2,3p5.(2P*<3/2>).4f,2[3/2],1,,T8304,L12188
K,2,160.9959,0.0010,160.9956,0.0008,5,1.80e+08,,22.393865,30.09496,3p5.3d,1F*,3,3p5.(2P*<3/2>).6f,2[9/2],4,,T8304,L12188
K,9,,,164.50,0.09,,6.3e+08,C,86.6517,94.189,2p6.4s,2S,1/2,2p6.4p,2P*,3/2,,"T1619interp,LS",
K,2,166.2895,0.0010,166.2892,0.0009,12,4.34e+08,,22.236467,29.69241,3p5.3d,1D*,2,3p5.(2P*<1/2>).5f,2[7/2],3,,T8304,L12188
K,9,,,168.44,0.09,,5.9e+08,C,86.6517,94.013,2p6.4s,2S,1/2,2p6.4p,2P*,1/2,,"T1619interp,LS",
K,2,169.1754,0.0010,169.1744,0.0009,0,5.68e+07,,22.365844,29.69462,3p5.3d,3D*,2,3p5.(2P*<1/2>).5f,2[5/2],2,,T8304,L12188
K,2,169.2213,0.0010,169.2219,0.0012,15,7.66e+08,,22.365844,29.69257,3p5.3d,3D*,2,3p5.(2P*<1/2>).5f,2[5/2],3,,T8304,L12188
K,2,169.3352,0.0010,169.3354,0.0009,20,4.26e+08,,22.372812,29.69462,3p5.3d,3D*,1,3p5.(2P*<1/2>).5f,2[5/2],2,,T8304,L12188
K,2,170.4607,0.0010,170.4600,0.0009,75,6.94e+08,,21.180357,28.45387,3p5.3d,3F*,3,3p5.(2P*<1/2>).4f,2[7/2],4,,T8304,L12188
K,2,172.2374,0.0010,172.2377,0.0007,15,7.83e+08,,22.236467,29.434903,3p5.3d,1D*,2,3p5.(2P*<3/2>).5f,2[7/2],3,,T8304,L12188
K,2,172.3800,0.0010,172.3799,0.0012,8,1.36e+09,,22.242244,29.43474,3p5.3d,3D*,3,3p5.(2P*<3/2>).5f,2[7/2],4,,T8304,L12188
K,2,172.3912,0.0010,172.3915,0.0007,10,1.66e+08,,22.236467,29.428480,3p5.3d,1D*,2,3p5.(2P*<3/2>).5f,2[5/2],2,,T8304,L12188
K,2,172.4070,0.0010,172.4070,0.0007,8,7.17e+07,,21.266092,28.457461,3p5.3d,3F*,2,3p5.(2P*<1/2>).4f,2[5/2],2,,T8304,L12188
K,2,172.4439,0.0010,172.4441,0.0007,10,8.00e+06,,22.236467,29.426286,3p5.3d,1D*,2,3p5.(2P*<3/2>).5f,2[5/2],3,,T8304,L12188
K,2,172.4602,0.0010,172.4602,0.0004,6,4.01e+06,,21.266092,28.455241,3p5.3d,3F*,2,3p5.(2P*<1/2>).4f,2[5/2],3,,T8304,L12188
K,2,172.7722,0.0010,172.7727,0.0007,10,4.29e+08,,22.242244,29.418388,3p5.3d,3D*,3,3p5.(2P*<3/2>).5f,2[9/2],4,,T8304,L12188
K,2,174.1002,0.0010,174.0999,0.0004,50,3.23e+08,,21.083414,28.204855,3p5.3d,3F*,4,3p5.(2P*<3/2>).4f,2[7/2],4,,T8304,L12188
K,2,174.8832,0.0010,174.8820,0.0007,15,7.04e+07,,21.083414,28.173004,3p5.3d,3F*,4,3p5.(2P*<3/2>).4f,2[9/2],4,,T8304,L12188
K,2,174.8962,0.0010,174.8961,0.0013,70,2.92e+09,,21.083414,28.17243,3p5.3d,3F*,4,3p5.(2P*<3/2>).4f,2[9/2],5,,T8304,L12188
K,2,175.3902,0.0010,175.3900,0.0007,4,7.19e+05,,22.365844,29.434903,3p5.3d,3D*,2,3p5.(2P*<3/2>).5f,2[7/2],3,,T8304,L12188
K,2,175.5504,0.0010,175.5495,0.0007,3,1.46e+07,,22.365844,29.428480,3p5.3d,3D*,2,3p5.(2P*<3/2>).5f,2[5/2],2,,T8304,L12188
K,2,175.7231,0.0010,175.7228,0.0007,12,3.56e+08,,22.372812,29.428480,3p5.3d,3D*,1,3p5.(2P*<3/2>).5f,2[5/2],2,,T8304,L12188
K,2,176.5025,0.0010,176.5019,0.0007,25bl*,5.57e+08,,22.393865,29.418388,3p5.3d,1F*,3,3p5.(2P*<3/2>).5f,2[9/2],4,,T8304,L12188
K,2,176.5025,0.0010,176.5026,0.0004,25bl*,2.88e+08,,21.180357,28.204855,3p5.3d,3F*,3,3p5.(2P*<3/2>).4f,2[7/2],4,,T8304,L12188
K,2,176.5115,0.0010,176.5110,0.0004,25,2.37e+08,,21.180357,28.204521,3p5.3d,3F*,3,3p5.(2P*<3/2>).4f,2[7/2],3,,T8304,L12188
K,2,176.8786,0.0010,176.8781,0.0004,3,1.62e+07,,21.180357,28.189940,3p5.3d,3F*,3,3p5.(2P*<3/2>).4f,2[5/2],2,,T8304,L12188
K,2,176.9511,0.0010,176.9511,0.0007,8,4.58e+07,,21.180357,28.187051,3p5.3d,3F*,3,3p5.(2P*<3/2>).4f,2[5/2],3,,T8304,L12188
K,2,177.3060,0.0010,177.3065,0.0007,35,1.26e+09,,21.180357,28.173004,3p5.3d,3F*,3,3p5.(2P*<3/2>).4f,2[9/2],4,,T8304,L12188
K,2,178.6909,0.0010,178.6920,0.0005,50,6.15e+08,,21.266092,28.204521,3p5.3d,3F*,2,3p5.(2P*<3/2>).4f,2[7/2],3,,T8304,L12188
K,2,179.0679,0.0010,179.0683,0.0005,20,8.31e+07,,21.266092,28.189940,3p5.3d,3F*,2,3p5.(2P*<3/2>).4f,2[5/2],2,,T8304,L12188
K,2,199.3007,0.0010,199.2997,0.0009,7,1.23e+07,,22.236467,28.457461,3p5.3d,1D*,2,3p5.(2P*<1/2>).4f,2[5/2],2,,T8304,L12188
K,2,199.3714,0.0010,199.3708,0.0006,15,4.16e+06,,22.236467,28.455241,3p5.3d,1D*,2,3p5.(2P*<1/2>).4f,2[5/2],3,,T8304,L12188
K,2,199.4285,0.0010,199.4284,0.0009,25,7.14e+08,,22.236467,28.453444,3p5.3d,1D*,2,3p5.(2P*<1/2>).4f,2[7/2],3,,T8304,L12188
K,2,199.5557,0.0010,199.5562,0.0006,2,4.85e+06,,22.242244,28.455241,3p5.3d,3D*,3,3p5.(2P*<1/2>).4f,2[5/2],3,,T8304,L12188
element,sp_num,obs_wl_air(nm),unc_obs_wl,ritz_wl_air(nm),unc_ritz_wl,intens,Aki(s^-1),Acc,Ei(eV),Ek(eV),conf_i,term_i,J_i,conf_k,term_k,J_k,Type,tp_ref,line_ref
K,2,203.4679,0.0010,203.4671,0.0009,5,8.81e+07,,22.365844,28.457461,3p5.3d,3D*,2,3p5.(2P*<1/2>).4f,2[5/2],2,,T8304,L12188
K,2,203.5408,0.0010,203.5413,0.0006,50,1.20e+09,,22.365844,28.455241,3p5.3d,3D*,2,3p5.(2P*<1/2>).4f,2[5/2],3,,T8304,L12188
K,2,203.6014,0.0010,203.6014,0.0009,10,3.89e+05,,22.365844,28.453444,3p5.3d,3D*,2,3p5.(2P*<1/2>).4f,2[7/2],3,,T8304,L12188
K,2,203.7005,0.0010,203.7001,0.0009,45,6.74e+08,,22.372812,28.457461,3p5.3d,3D*,1,3p5.(2P*<1/2>).4f,2[5/2],2,,T8304,L12188
K,2,204.4832,0.0010,204.4823,0.0006,10,7.49e+07,,22.393865,28.455241,3p5.3d,1F*,3,3p5.(2P*<1/2>).4f,2[5/2],3,,T8304,L12188
K,2,204.5283,0.0010,204.5288,0.0013,40,1.80e+09,,22.393865,28.45387,3p5.3d,1F*,3,3p5.(2P*<1/2>).4f,2[7/2],4,,T8304,L12188
K,2,204.5430,0.0010,204.5430,0.0009,15,7.78e+07,,22.393865,28.453444,3p5.3d,1F*,3,3p5.(2P*<1/2>).4f,2[7/2],3,,T8304,L12188
K,2,207.6798,0.0010,207.6802,0.0006,60,9.73e+08,,22.236467,28.204521,3p5.3d,1D*,2,3p5.(2P*<3/2>).4f,2[7/2],3,,T8304,L12188
K,2,207.8694,0.0010,207.8698,0.0006,70,1.85e+09,,22.242244,28.204855,3p5.3d,3D*,3,3p5.(2P*<3/2>).4f,2[7/2],4,,T8304,L12188
K,2,208.1885,0.0010,208.1889,0.0006,25,2.39e+08,,22.236467,28.189940,3p5.3d,1D*,2,3p5.(2P*<3/2>).4f,2[5/2],2,,T8304,L12188
K,2,208.2891,0.0010,208.2900,0.0010,25,1.26e+07,,22.236467,28.187051,3p5.3d,1D*,2,3p5.(2P*<3/2>).4f,2[5/2],3,,T8304,L12188
K,2,208.3942,0.0010,208.3912,0.0006,15,3.79e+06,,22.242244,28.189940,3p5.3d,3D*,3,3p5.(2P*<3/2>).4f,2[5/2],2,,T8304,L12188
K,2,208.4933,0.0010,208.4925,0.0010,60,3.69e+08,,22.242244,28.187051,3p5.3d,3D*,3,3p5.(2P*<3/2>).4f,2[5/2],3,,T8304,L12188
K,2,208.9855,0.0010,208.9864,0.0010,50,5.71e+08,,22.242244,28.173004,3p5.3d,3D*,3,3p5.(2P*<3/2>).4f,2[9/2],4,,T8304,L12188
K,2,209.4558,0.0010,209.4567,0.0006,4,2.27e+07,,22.242244,28.159688,3p5.3d,3D*,3,3p5.(2P*<3/2>).4f,2[3/2],2,,T8304,L12188
K,2,212.2827,0.0010,212.2827,0.0006,15,9.37e+05,,22.365844,28.204521,3p5.3d,3D*,2,3p5.(2P*<3/2>).4f,2[7/2],3,,T8304,L12188
K,2,212.8138,0.0010,212.8142,0.0006,15,1.66e+07,,22.365844,28.189940,3p5.3d,3D*,2,3p5.(2P*<3/2>).4f,2[5/2],2,,T8304,L12188
K,2,212.9190,0.0010,212.9199,0.0010,40,4.61e+08,,22.365844,28.187051,3p5.3d,3D*,2,3p5.(2P*<3/2>).4f,2[5/2],3,,T8304,L12188
K,2,213.0687,0.0010,213.0692,0.0006,50,4.00e+08,,22.372812,28.189940,3p5.3d,3D*,1,3p5.(2P*<3/2>).4f,2[5/2],2,,T8304,L12188
K,2,213.2947,0.0010,213.2942,0.0006,10,5.12e+07,,22.393865,28.204855,3p5.3d,1F*,3,3p5.(2P*<3/2>).4f,2[7/2],4,,T8304,L12188
K,2,213.3061,0.0010,213.3065,0.0006,10,1.09e+08,,22.393865,28.204521,3p5.3d,1F*,3,3p5.(2P*<3/2>).4f,2[7/2],3,,T8304,L12188
K,2,213.8427,0.0010,213.8432,0.0006,1,1.06e+07,,22.393865,28.189940,3p5.3d,1F*,3,3p5.(2P*<3/2>).4f,2[5/2],2,,T8304,L12188
K,19,,,213.8679,0.0004,,5.1283e+06,AA,(3698.88679),(3704.68219),2s,2S,1/2,2p,2P*,3/2,,T7771,
K,2,213.9246,0.0010,213.9256,0.0006,20,1.64e+08,,22.365844,28.159688,3p5.3d,3D*,2,3p5.(2P*<3/2>).4f,2[3/2],2,,T8304,L12188
K,2,213.9494,0.0010,213.9498,0.0010,10,3.98e+07,,22.393865,28.187051,3p5.3d,1F*,3,3p5.(2P*<3/2>).4f,2[5/2],3,,T8304,L12188
K,2,214.0277,0.0010,214.0277,0.0010,7,1.62e+07,,22.365844,28.156923,3p5.3d,3D*,2,3p5.(2P*<3/2>).4f,2[3/2],1,,T8304,L12188
K,2,214.1823,0.0010,214.1832,0.0006,5,2.03e+07,,22.372812,28.159688,3p5.3d,3D*,1,3p5.(2P*<3/2>).4f,2[3/2],2,,T8304,L12188
K,2,214.2860,0.0010,214.2856,0.0010,15,8.69e+07,,22.372812,28.156923,3p5.3d,3D*,1,3p5.(2P*<3/2>).4f,2[3/2],1,,T8304,L12188
K,2,214.4699,0.0010,214.4699,0.0010,50,6.90e+08,,22.393865,28.173004,3p5.3d,1F*,3,3p5.(2P*<3/2>).4f,2[9/2],4,,T8304,L12188
K,2,214.9667,0.0010,214.9653,0.0007,0,2.99e+06,,22.393865,28.159688,3p5.3d,1F*,3,3p5.(2P*<3/2>).4f,2[3/2],2,,T8304,L12188
K,2,218.932,0.003,,,6,,,,,,,,,,,,,L3490
K,2,220.984,0.003,,,4,,,,,,,,,,,,,L3490
K,2,226.434,0.003,,,5,,,,,,,,,,,,,L3490
K,2,229.679,0.003,,,1,,,,,,,,,,,,,L3490
K,2,234.230,0.003,,,3,,,,,,,,,,,,,L3490
K,2,235.870,0.003,,,1,,,,,,,,,,,,,L3490
K,2,250.460,0.003,,,3,,,,,,,,,,,,,L3490
K,3,255.002,0.003,255.001,0.004,6,1.58e+08,,25.717038,30.57768,3s2.3p4.(3P).4s,4P,5/2,3s2.3p4.(3P).4p,4S*,3/2,,T7942,L3491
K,3,263.511,0.003,263.511,0.004,5,1.29e+08,,25.873990,30.57768,3s2.3p4.(3P).4s,4P,3/2,3s2.3p4.(3P).4p,4S*,3/2,,T7942,L3491
K,3,268.990,0.003,268.996,0.004,5,7.48e+07,,25.969891,30.57768,3s2.3p4.(3P).4s,4P,1/2,3s2.3p4.(3P).4p,4S*,3/2,,T7942,L3491
K,3,273.696,0.003,273.700,0.003,1,,,25.717038,30.24562,3s2.3p4.(3P).4s,4P,5/2,3s2.3p4.(3P).4p,2P*,3/2,,,L3398
K,2,274.355,0.003,,,4,,,,,,,,,,,,,L3490
K,2,277.789,0.003,277.7884,0.0017,2,2.82e+07,,22.714413,27.176357,3p5.4p,3S,1,3p5.4d,3D*,2,,T8304,L3490
K,3,280.040,0.003,280.040,0.004,3,4.97e+06,,25.717038,30.14311,3s2.3p4.(3P).4s,4P,5/2,3s2.3p4.(3P).4p,2D*,5/2,,T7942,L3491
K,2,280.899,0.003,,,3,,,,,,,,,,,,,L3490
K,3,287.735,0.003,287.740,0.003,1,4.05e+06,,25.717038,30.02467,3s2.3p4.(3P).4s,4P,5/2,3s2.3p4.(3P).4p,4D*,3/2,,T7942,L3491
K,3,289.890,0.003,289.887,0.004,1,,,25.969891,30.24562,3s2.3p4.(3P).4s,4P,1/2,3s2.3p4.(3P).4p,2P*,3/2,,,L3398
K,3,290.336,0.003,290.336,0.004,4,1.33e+07,,25.873990,30.14311,3s2.3p4.(3P).4s,4P,3/2,3s2.3p4.(3P).4p,2D*,5/2,,T7942,L3491
K,1,,,292.75309,0.00003,,8.15e+02,C+,0.00000000,4.2338727,3p6.4s,2S,1/2,3p6.13p,2P*,3/2,,"T5436n,extrap",
K,1,,,292.75701,0.00003,,4.69e+02,C+,0.00000000,4.2338159,3p6.4s,2S,1/2,3p6.13p,2P*,1/2,,"T5436n,extrap",
K,3,293.845,0.003,293.845,0.003,5,4.24e+07,,25.717038,29.93518,3s2.3p4.(3P).4s,4P,5/2,3s2.3p4.(3P).4p,4D*,5/2,,T7942,L3491
K,1,,,294.26696,0.00003,,1.13e+03,C+,0.00000000,4.2120922,3p6.4s,2S,1/2,3p6.12p,2P*,3/2,,"T5436n,extrap",
K,1,,,294.27223,0.00003,,6.82e+02,C+,0.00000000,4.2120168,3p6.4s,2S,1/2,3p6.12p,2P*,1/2,,"T5436n,extrap",
K,3,294.894,0.003,294.897,0.005,1,,,26.374588,30.57768,3s2.3p4.(3P).4s,2P,3/2,3s2.3p4.(3P).4p,4S*,3/2,,,L3398
K,2,295.088,0.003,,,2,,,,,,,,,,,,,L3490
K,3,295.433,0.003,295.432,0.003,3,3.00e+07,,25.873990,30.06948,3s2.3p4.(3P).4s,4P,3/2,3s2.3p4.(3P).4p,4D*,1/2,,T7942,L3491
K,1,,,296.32104,0.00003,,1.73e+03,C+,0.00000000,4.1828956,3p6.4s,2S,1/2,3p6.11p,2P*,3/2,,"T5436n,extrap",
K,1,,,296.32833,0.00003,,1.10e+03,C+,0.00000000,4.1827927,3p6.4s,2S,1/2,3p6.11p,2P*,1/2,,"T5436n,extrap",
K,3,298.620,0.003,298.621,0.003,5,1.18e+08,,25.873990,30.02467,3s2.3p4.(3P).4s,4P,3/2,3s2.3p4.(3P).4p,4D*,3/2,,T7942,L3491
K,1,299.2108,,299.21179,0.00003,a,3.16e+03,C+,0.00000000,4.1424855,3p6.4s,2S,1/2,3p6.10p,2P*,3/2,,"T5436n,extrap",L3287
K,1,299.2215,,299.22225,0.00003,a,2.12e+03,C+,0.00000000,4.1423407,3p6.4s,2S,1/2,3p6.10p,2P*,1/2,,"T5436n,extrap",L3287
K,3,299.242,0.003,299.242,0.003,6,2.51e+08,,25.717038,29.85910,3s2.3p4.(3P).4s,4P,5/2,3s2.3p4.(3P).4p,4D*,7/2,,T7942,L3491
K,3,302.343,0.003,302.343,0.003,3,2.13e+08,,25.969891,30.06948,3s2.3p4.(3P).4s,4P,1/2,3s2.3p4.(3P).4p,4D*,1/2,,T7942,L3491
K,2,303.043,0.003,,,2,,,,,,,,,,,,,L3490
K,1,303.4751,,303.47619,0.00003,a,6.74e+03,B,0.00000000,4.0842783,3p6.4s,2S,1/2,3p6.9p,2P*,3/2,,T5436n,L3287
K,1,303.4911,,303.49207,0.00003,a,4.78e+03,C+,0.00000000,4.0840647,3p6.4s,2S,1/2,3p6.9p,2P*,1/2,,T5436n,L3287
K,2,304.716,0.003,304.7123,0.0021,2,1.92e+07,,23.108646,27.176357,3p5.4p,3D,3,3p5.4d,3D*,2,,T8304,L3490
K,3,305.207,0.003,305.202,0.003,6,1.85e+08,,25.873990,29.93518,3s2.3p4.(3P).4s,4P,3/2,3s2.3p4.(3P).4p,4D*,5/2,,T7942,L3491
K,3,305.684,0.003,305.684,0.003,5,1.18e+08,,25.969891,30.02467,3s2.3p4.(3P).4s,4P,1/2,3s2.3p4.(3P).4p,4D*,3/2,,T7942,L3491
K,3,306.125,0.003,306.125,0.004,3,1.31e+08,,26.374588,30.42353,3s2.3p4.(3P).4s,2P,3/2,3s2.3p4.(3P).4p,2P*,1/2,,T7942,L3491
K,2,306.218,0.003,306.2141,0.0013,5,8.82e+08,,22.714413,26.762175,3p5.4p,3S,1,3p5.4d,3P*,2,,T8304,L3490
K,2,307.500,0.003,307.5017,0.0021,3,4.30e+07,,23.145544,27.176357,3p5.4p,3D,2,3p5.4d,3D*,2,,T8304,L3490
K,1,310.1791,,310.1789,0.0006,a,1.62e+04,B+,0.00000000,3.996024,3p6.4s,2S,1/2,3p6.8p,2P*,3/2,,T5436n,L3287
K,1,310.2051,,310.2046,0.0006,a,1.22e+04,C+,0.00000000,3.995693,3p6.4s,2S,1/2,3p6.8p,2P*,1/2,,T5436n,L3287
K,2,310.500,0.003,310.4998,0.0014,6,4.97e+08,,22.714413,26.706308,3p5.4p,3S,1,3p5.4d,3P*,1,,T8304,L3490
K,2,314.275,0.003,314.2706,0.0014,2,1.98e+08,,22.714413,26.658413,3p5.4p,3S,1,3p5.(2P*<1/2>).5s,2[1/2]*,1,,T8304,L3490
K,2,315.715,0.003,315.7137,0.0022,2,2.73e+07,,23.250385,27.176357,3p5.4p,3D,1,3p5.4d,3D*,2,,T8304,L3490
K,2,317.181,0.003,317.1812,0.0023,2,1.09e+08,,22.714413,26.622222,3p5.4p,3S,1,3p5.(2P*<1/2>).5s,2[1/2]*,0,,T8304,L3490
K,2,319.007,0.003,319.0041,0.0023,5,3.19e+08,,23.108646,26.994125,3p5.4p,3D,3,3p5.4d,3D*,3,,T8304,L3490
K,3,320.195,0.003,320.194,0.005,6,6.12e+07,,26.374588,30.24562,3s2.3p4.(3P).4s,2P,3/2,3s2.3p4.(3P).4p,2P*,3/2,,T7942,L3491
K,3,320.934,0.003,320.935,0.005,6,3.94e+07,,26.561420,30.42353,3s2.3p4.(3P).4s,2P,1/2,3s2.3p4.(3P).4p,2P*,1/2,,T7942,L3491
K,1,321.7151,,321.7154,0.0006,a,5.01e+04,B+,0.00000000,3.852735,3p6.4s,2S,1/2,3p6.7p,2P*,3/2,,T5436n,L3287
K,1,321.7615,,321.7620,0.0006,a,4.00e+04,C+,0.00000000,3.852177,3p6.4s,2S,1/2,3p6.7p,2P*,1/2,,T5436n,L3287
K,2,322.060,0.003,322.0533,0.0023,4bl*,2.52e+08,,23.327664,27.176357,3p5.4p,1D,2,3p5.4d,3D*,2,,T8304,L12188
K,2,322.060,0.003,322.0626,0.0023,4bl*,1.79e+08,,23.145544,26.994125,3p5.4p,3D,2,3p5.4d,3D*,3,,T8304,L12188
K,3,325.398,0.003,325.397,0.005,3,1.15e+08,,26.374588,30.18373,3s2.3p4.(3P).4s,2P,3/2,3s2.3p4.(3P).4p,2D*,3/2,,T7942,L3491
K,2,325.881,0.003,325.8715,0.0024,3,2.53e+07,,23.108646,26.912246,3p5.4p,3D,3,3p5.4d,3F*,2,,T8304,L3490
K,3,327.879,0.003,327.879,0.004,6,1.09e+08,,25.717038,29.49735,3s2.3p4.(3P).4s,4P,5/2,3s2.3p4.(3P).4p,4P*,3/2,,T7942,L3491
K,3,328.906,0.003,328.905,0.005,6,1.76e+08,,26.374588,30.14311,3s2.3p4.(3P).4s,2P,3/2,3s2.3p4.(3P).4p,2D*,5/2,,T7942,L3398
K,2,329.065,0.003,329.0637,0.0024,5,4.72e+08,,23.145544,26.912246,3p5.4p,3D,2,3p5.4d,3F*,2,,T8304,L3490
K,2,330.160,0.003,330.1537,0.0015,3,9.17e+06,,20.394409,24.148675,3p5.3d,3P*,1,3p5.4p,1S,0,,T8304,L3490
K,3,332.240,0.003,332.240,0.004,6,1.52e+08,,25.717038,29.44773,3s2.3p4.(3P).4s,4P,5/2,3s2.3p4.(3P).4p,4P*,5/2,,T7942,L3491
K,2,333.767,0.003,333.7649,0.0025,1,4.78e+05,,23.462708,27.176357,3p5.4p,1P,1,3p5.4d,3D*,2,,T8304,L3490
K,2,335.651,0.003,335.6486,0.0016,2,5.88e+07,,22.714413,26.407221,3p5.4p,3S,1,3p5.(2P*<3/2>).5s,2[3/2]*,1,,T8304,L3490
K,3,335.843,0.003,335.843,0.004,3,1.59e+08,,25.873990,29.56466,3s2.3p4.(3P).4s,4P,3/2,3s2.3p4.(3P).4p,4P*,1/2,,T7942,L3491
K,3,336.422,0.003,336.433,0.005,6,1.12e+08,,26.561420,30.24562,3s2.3p4.(3P).4s,2P,1/2,3s2.3p4.(3P).4p,2P*,3/2,,T7942,L3491
K,2,338.062,0.003,338.061,0.003,6,1.59e+09,,23.327664,26.994125,3p5.4p,1D,2,3p5.4d,3D*,3,,T8304,L3490
K,2,338.486,0.003,338.485,0.003,6bl*,1.10e+09,,23.250385,26.912246,3p5.4p,3D,1,3p5.4d,3F*,2,,T8304,L12188
K,2,338.486,0.003,338.488,0.003,6bl*,5.25e+07,,23.514521,27.176357,3p5.4p,3P,2,3p5.4d,3D*,2,,T8304,L12188
K,2,339.263,0.003,339.2572,0.0016,3,3.72e+07,,23.108646,26.762175,3p5.4p,3D,3,3p5.4d,3P*,2,,T8304,L3490
K,2,340.424,0.003,340.4194,0.0016,6,2.20e+08,,22.714413,26.355470,3p5.4p,3S,1,3p5.(2P*<3/2>).5s,2[3/2]*,2,,T8304,L3490
K,3,342.082,0.003,342.082,0.004,6,2.76e+07,,25.873990,29.49735,3s2.3p4.(3P).4s,4P,3/2,3s2.3p4.(3P).4p,4P*,3/2,,T7942,L3491
K,3,342.183,0.003,342.181,0.005,4,6.87e+07,,26.561420,30.18373,3s2.3p4.(3P).4s,2P,1/2,3s2.3p4.(3P).4p,2D*,3/2,,T7942,L3491
K,2,342.713,0.003,342.7185,0.0017,2,1.72e+07,,23.145544,26.762175,3p5.4p,3D,2,3p5.4d,3P*,2,,T8304,L3490
K,2,344.005,0.003,344.000,0.003,7,1.12e+09,,23.573202,27.176357,3p5.4p,3P,1,3p5.4d,3D*,2,,T8304,L3490
K,1,344.6376,,344.6372,0.0006,a,1.65e+05,B+,0.00000000,3.596498,3p6.4s,2S,1/2,3p6.6p,2P*,3/2,,T5436n,L3287
K,1,344.7376,,344.7375,0.0006,a,1.45e+05,C+,0.00000000,3.595451,3p6.4s,2S,1/2,3p6.6p,2P*,1/2,,T5436n,L3287
K,3,344.801,0.003,344.803,0.004,3,1.95e+07,,25.969891,29.56466,3s2.3p4.(3P).4s,4P,1/2,3s2.3p4.(3P).4p,4P*,1/2,,T7942,L3491
K,2,345.785,0.003,345.783,0.003,2,8.91e+06,,23.327664,26.912246,3p5.4p,1D,2,3p5.4d,3F*,2,,T8304,L3490
K,3,346.832,0.003,346.831,0.004,6,2.97e+07,,25.873990,29.44773,3s2.3p4.(3P).4s,4P,3/2,3s2.3p4.(3P).4p,4P*,5/2,,T7942,L3491
K,3,348.111,0.003,348.113,0.004,1,1.02e+07,,26.374588,29.93518,3s2.3p4.(3P).4s,2P,3/2,3s2.3p4.(3P).4p,4D*,5/2,,T7942,L3398
K,3,351.388,0.003,351.382,0.004,5,4.35e+07,,25.969891,29.49735,3s2.3p4.(3P).4s,4P,1/2,3s2.3p4.(3P).4p,4P*,3/2,,T7942,L3491
K,2,352.851,0.003,352.8420,0.0018,1,2.39e+07,,23.145544,26.658413,3p5.4p,3D,2,3p5.(2P*<1/2>).5s,2[1/2]*,1,,T8304,L3490
K,2,352.953,0.003,352.9504,0.0018,3,3.13e+07,,23.250385,26.762175,3p5.4p,3D,1,3p5.4d,3P*,2,,T8304,L3490
K,2,353.075,0.003,353.0700,0.0018,7,2.26e+08,,20.638075,24.148675,3p5.4s,1P*,1,3p5.4p,1S,0,,T8304,L3490
K,2,356.215,0.003,356.215,0.003,4,6.49e+07,,23.514521,26.994125,3p5.4p,3P,2,3p5.4d,3D*,3,,T8304,L3490
K,2,358.660,0.003,358.6562,0.0018,2,2.52e+07,,23.250385,26.706308,3p5.4p,3D,1,3p5.4d,3P*,1,,T8304,L3490
K,2,359.322,0.003,359.320,0.003,2,3.46e+06,,23.462708,26.912246,3p5.4p,1P,1,3p5.4d,3F*,2,,T8304,L3490
K,2,360.888,0.003,360.8923,0.0018,5,3.64e+08,,23.327664,26.762175,3p5.4p,1D,2,3p5.4d,3P*,2,,T8304,L3490
K,2,361.849,0.003,361.8485,0.0019,6,8.14e+07,,20.147767,23.573202,3p5.4s,3P*,2,3p5.4p,3P,1,,T8304,L3490
K,2,362.642,0.003,362.645,0.004,4,5.38e+08,,25.039551,28.457461,3p5.3d,1P*,1,3p5.(2P*<1/2>).4f,2[5/2],2,,T8304,L3490
K,2,363.700,0.003,363.6967,0.0019,3,7.62e+06,,23.250385,26.658413,3p5.4p,3D,1,3p5.(2P*<1/2>).5s,2[1/2]*,1,,T8304,L3490
K,2,364.795,0.003,364.800,0.003,2,5.37e+05,,23.514521,26.912246,3p5.4p,3P,2,3p5.4d,3F*,2,,T8304,L3490
K,2,366.860,0.003,366.8599,0.0019,3,3.67e+07,,23.327664,26.706308,3p5.4p,1D,2,3p5.4d,3P*,1,,T8304,L3490
K,2,367.605,0.003,367.601,0.003,3,8.36e+07,,23.250385,26.622222,3p5.4p,3D,1,3p5.(2P*<1/2>).5s,2[1/2]*,0,,T8304,L3490
K,2,368.154,0.003,368.1556,0.0019,6,1.56e+08,,20.147767,23.514521,3p5.4s,3P*,2,3p5.4p,3P,2,,T8304,L3490
K,2,371.660,0.003,371.6622,0.0020,5,1.48e+07,,20.238213,23.573202,3p5.4s,3P*,1,3p5.4p,3P,1,,T8304,L3490
K,2,372.134,0.003,372.1354,0.0020,5,1.44e+08,,23.327664,26.658413,3p5.4p,1D,2,3p5.(2P*<1/2>).5s,2[1/2]*,1,,T8304,L3490
K,2,373.913,0.003,373.9100,0.0020,5,2.36e+07,,20.147767,23.462708,3p5.4s,3P*,2,3p5.4p,1P,1,,T8304,L3490
K,2,374.442,0.003,374.4450,0.0020,5,1.07e+07,,20.262998,23.573202,3p5.3d,3P*,0,3p5.4p,3P,1,,T8304,L3490
K,2,375.662,0.003,375.6636,0.0020,3,4.40e+07,,23.462708,26.762175,3p5.4p,1P,1,3p5.4d,3P*,2,,T8304,L3490
K,2,376.736,0.003,376.7423,0.0020,6,1.01e+08,,20.238213,23.528233,3p5.4s,3P*,1,3p5.4p,3P,0,,T8304,L3490
K,2,378.319,0.003,378.3192,0.0020,6,1.49e+08,,20.238213,23.514521,3p5.4s,3P*,1,3p5.4p,3P,2,,T8304,L3490
K,2,380.014,0.003,380.0162,0.0020,6,2.75e+08,,23.145544,26.407221,3p5.4p,3D,2,3p5.(2P*<3/2>).5s,2[3/2]*,1,,T8304,L3490
K,2,381.656,0.003,381.6570,0.0021,6,2.42e+08,,23.514521,26.762175,3p5.4p,3P,2,3p5.4d,3P*,2,,T8304,L3490
K,2,381.750,0.003,381.7547,0.0021,7,5.73e+08,,23.108646,26.355470,3p5.4p,3D,3,3p5.(2P*<3/2>).5s,2[3/2]*,2,,T8304,L3490
K,2,382.130,0.003,382.1341,0.0021,3,6.88e+06,,23.462708,26.706308,3p5.4p,1P,1,3p5.4d,3P*,1,,T8304,L3490
K,2,384.402,0.003,384.3984,0.0021,1,1.12e+07,,20.238213,23.462708,3p5.4s,3P*,1,3p5.4p,1P,1,,T8304,L3490
K,2,386.141,0.003,386.1430,0.0021,3,1.26e+08,,23.145544,26.355470,3p5.4p,3D,2,3p5.(2P*<3/2>).5s,2[3/2]*,2,,T8304,L3490
K,2,387.374,0.003,387.3760,0.0021,5,2.91e+07,,20.262998,23.462708,3p5.3d,3P*,0,3p5.4p,1P,1,,T8304,L3490
K,2,387.862,0.003,387.8614,0.0021,4,9.88e+07,,23.462708,26.658413,3p5.4p,1P,1,3p5.(2P*<1/2>).5s,2[1/2]*,1,,T8304,L3490
K,2,388.342,0.003,388.3375,0.0021,3,1.71e+08,,23.514521,26.706308,3p5.4p,3P,2,3p5.4d,3P*,1,,T8304,L3490
K,3,388.550,0.003,388.546,0.005,1,,,26.374588,29.56466,3s2.3p4.(3P).4s,2P,3/2,3s2.3p4.(3P).4p,4P*,1/2,,,L3398
K,2,388.684,0.003,388.6803,0.0021,2,2.01e+07,,23.573202,26.762175,3p5.4p,3P,1,3p5.4d,3P*,2,,T8304,L3490
K,2,389.792,0.003,389.7896,0.0021,8,3.63e+08,,20.147767,23.327664,3p5.4s,3P*,2,3p5.4p,1D,2,,T8304,L3490
K,2,389.928,0.003,389.9249,0.0022,3,5.16e+06,,20.394409,23.573202,3p5.3d,3P*,1,3p5.4p,3P,1,,T8304,L3490
K,2,390.011,0.003,390.0131,0.0022,3,7.75e+07,,23.528233,26.706308,3p5.4p,3P,0,3p5.4d,3P*,1,,T8304,L3490
K,2,392.300,0.003,392.304,0.003,5,5.55e+07,,23.462708,26.622222,3p5.4p,1P,1,3p5.(2P*<1/2>).5s,2[1/2]*,0,,T8304,L3490
K,2,392.636,0.003,392.6371,0.0022,5,1.36e+08,,23.250385,26.407221,3p5.4p,3D,1,3p5.(2P*<3/2>).5s,2[3/2]*,1,,T8304,L3490
K,2,393.436,0.003,393.441,0.003,5,7.10e+08,,25.039551,28.189940,3p5.3d,1P*,1,3p5.(2P*<3/2>).4f,2[5/2],2,,T8304,L3490
K,2,394.253,0.003,394.2537,0.0022,6,1.86e+08,,23.514521,26.658413,3p5.4p,3P,2,3p5.(2P*<1/2>).5s,2[1/2]*,1,,T8304,L3490
K,2,395.521,0.003,395.5203,0.0022,6,8.86e+07,,20.394409,23.528233,3p5.3d,3P*,1,3p5.4p,3P,0,,T8304,L3490
K,2,395.610,0.003,395.6111,0.0022,3,9.07e+07,,23.573202,26.706308,3p5.4p,3P,1,3p5.4d,3P*,1,,T8304,L3490
K,2,395.984,0.003,395.9809,0.0022,3,3.25e+06,,23.528233,26.658413,3p5.4p,3P,0,3p5.(2P*<1/2>).5s,2[1/2]*,1,,T8304,L3490
K,2,396.672,0.003,396.6691,0.0022,6,4.71e+07,,20.448453,23.573202,3p5.3d,3P*,2,3p5.4p,3P,1,,T8304,L3490
K,2,397.258,0.003,397.255,0.004,6bl*,5.88e+08,,25.039551,28.159688,3p5.3d,1P*,1,3p5.(2P*<3/2>).4f,2[3/2],2,,T8304,L12188
K,2,397.258,0.003,397.2586,0.0022,6bl*,4.43e+07,,20.394409,23.514521,3p5.3d,3P*,1,3p5.4p,3P,2,,T8304,L12188
K,2,399.180,0.003,399.1812,0.0023,4,2.29e+07,,23.250385,26.355470,3p5.4p,3D,1,3p5.(2P*<3/2>).5s,2[3/2]*,2,,T8304,L12188
K,2,399.510,0.003,399.4986,0.0023,6,4.61e+07,,20.147767,23.250385,3p5.4s,3P*,2,3p5.4p,3D,1,,T8304,L3490
K,2,400.124,0.003,400.122,0.004,7,1.50e+08,,20.475420,23.573202,3p5.4s,3P*,0,3p5.4p,3P,1,,T8304,L3490
K,2,401.210,0.003,401.2013,0.0023,5,4.37e+07,,20.238213,23.327664,3p5.4s,3P*,1,3p5.4p,1D,2,,T8304,L3490
K,2,401.752,0.003,401.7527,0.0023,4,6.75e+07,,23.573202,26.658413,3p5.4p,3P,1,3p5.(2P*<1/2>).5s,2[1/2]*,1,,T8304,L3490
K,2,402.488,0.003,402.4903,0.0023,4,1.10e+08,,23.327664,26.407221,3p5.4p,1D,2,3p5.(2P*<3/2>).5s,2[3/2]*,1,,T8304,L3490
K,2,403.969,0.003,403.9671,0.0023,4,4.08e+07,,20.394409,23.462708,3p5.3d,3P*,1,3p5.4p,1P,1,,T8304,L3490
K,2,404.259,0.003,404.2611,0.0023,6,9.30e+07,,20.448453,23.514521,3p5.3d,3P*,2,3p5.4p,3P,2,,T8304,L3490
K,1,404.4136,,404.41422,0.00008,18,1.15e+06,A,0.00000000,3.0649066,3p6.4s,2S,1/2,3p6.5p,2P*,3/2,,T5436n,L3287
K,1,404.7208,,404.72132,0.00008,17,1.07e+06,B+,0.00000000,3.0625810,3p6.4s,2S,1/2,3p6.5p,2P*,1/2,,T5436n,L3287
K,2,406.523,0.003,406.522,0.004,4,2.30e+07,,23.573202,26.622222,3p5.4p,3P,1,3p5.(2P*<1/2>).5s,2[1/2]*,0,,T8304,L3490
K,2,409.369,0.003,409.3698,0.0024,5,1.60e+08,,23.327664,26.355470,3p5.4p,1D,2,3p5.(2P*<3/2>).5s,2[3/2]*,2,,T8304,L3490
K,2,411.214,0.003,411.2103,0.0024,4,1.36e+07,,20.448453,23.462708,3p5.3d,3P*,2,3p5.4p,1P,1,,T8304,L3490
K,2,411.499,0.003,411.4946,0.0024,6,2.34e+08,,20.238213,23.250385,3p5.4s,3P*,1,3p5.4p,3D,1,,T8304,L3490
K,2,413.472,0.003,413.4705,0.0024,7,2.31e+08,,20.147767,23.145544,3p5.4s,3P*,2,3p5.4p,3D,2,,T8304,L3490
K,2,414.919,0.003,414.9086,0.0024,7bl*,1.68e+08,,20.262998,23.250385,3p5.3d,3P*,0,3p5.4p,3D,1,,T8304,L12188
K,2,414.919,0.003,414.922,0.004,7bl*,4.41e+07,,20.475420,23.462708,3p5.4s,3P*,0,3p5.4p,1P,1,,T8304,L12188
K,2,418.624,0.003,418.6232,0.0025,8,1.03e+09,,20.147767,23.108646,3p5.4s,3P*,2,3p5.4p,3D,3,,T8304,L3490
K,2,420.949,0.003,420.950,0.003,4,4.37e+07,,23.462708,26.407221,3p5.4p,1P,1,3p5.(2P*<3/2>).5s,2[3/2]*,1,,T8304,L3490
K,2,422.297,0.003,422.296,0.003,7,2.30e+08,,20.638075,23.573202,3p5.4s,1P*,1,3p5.4p,3P,1,,T8304,L3490
K,2,422.567,0.003,422.566,0.003,7,9.42e+07,,20.394409,23.327664,3p5.3d,3P*,1,3p5.4p,1D,2,,T8304,L3490
K,2,426.340,0.003,426.334,0.003,7,3.91e+08,,20.238213,23.145544,3p5.4s,3P*,1,3p5.4p,3D,2,,T8304,L3490
K,2,428.489,0.003,428.481,0.003,3bl*,9.52e+06,,23.462708,26.355470,3p5.4p,1P,1,3p5.(2P*<3/2>).5s,2[3/2]*,2,,T8304,L12188
K,2,428.489,0.003,428.490,0.003,3bl*,6.97e+06,,23.514521,26.407221,3p5.4p,3P,2,3p5.(2P*<3/2>).5s,2[3/2]*,1,,T8304,L12188
K,2,428.870,0.003,428.867,0.003,4,1.16e+07,,20.638075,23.528233,3p5.4s,1P*,1,3p5.4p,3P,0,,T8304,L3490
K,2,430.500,0.003,430.498,0.003,7,8.66e+07,,20.448453,23.327664,3p5.3d,3P*,2,3p5.4p,1D,2,,T8304,L3490
K,2,430.527,0.003,430.531,0.003,0,4.52e+07,,23.528233,26.407221,3p5.4p,3P,0,3p5.(2P*<3/2>).5s,2[3/2]*,1,,T8304,L12188
K,2,430.910,0.003,430.911,0.003,7,4.19e+08,,20.638075,23.514521,3p5.4s,1P*,1,3p5.4p,3P,2,,T8304,L3490
K,2,434.003,0.003,434.000,0.003,5,6.52e+07,,20.394409,23.250385,3p5.3d,3P*,1,3p5.4p,3D,1,,T8304,L3490
K,2,436.296,0.003,436.296,0.003,3,5.88e+07,,23.514521,26.355470,3p5.4p,3P,2,3p5.(2P*<3/2>).5s,2[3/2]*,2,,T8304,L3490
K,2,438.816,0.003,438.816,0.003,7,1.80e+08,,20.638075,23.462708,3p5.4s,1P*,1,3p5.4p,1P,1,,T8304,L3490
K,2,442.373,0.003,442.371,0.003,3,7.76e+06,,20.448453,23.250385,3p5.3d,3P*,2,3p5.4p,3D,1,,T8304,L3490
K,2,445.500,0.003,445.498,0.003,2,2.93e+07,,23.573202,26.355470,3p5.4p,3P,1,3p5.(2P*<3/2>).5s,2[3/2]*,2,,T8304,L3490
K,2,446.665,0.003,446.670,0.004,5,5.20e+07,,20.475420,23.250385,3p5.4s,3P*,0,3p5.4p,3D,1,,T8304,L3490
K,2,450.533,0.003,450.525,0.006,6bl*,8.27e+04,,26.658413,29.40963,3p5.(2P*<1/2>).5s,2[1/2]*,1,3p5.(2P*<3/2>).5f,2[3/2],1,,T8304,L12188
K,2,450.533,0.003,450.539,0.003,6bl*,6.16e+07,,20.394409,23.145544,3p5.3d,3P*,1,3p5.4p,3D,2,,T8304,L12188
K,2,459.565,0.003,459.567,0.003,5,1.24e+07,,20.448453,23.145544,3p5.3d,3P*,2,3p5.4p,3D,2,,T8304,L3490
K,2,460.845,0.003,460.849,0.003,8,2.10e+08,,20.638075,23.327664,3p5.4s,1P*,1,3p5.4p,1D,2,,T8304,L3490
K,2,465.938,0.003,465.942,0.003,5,1.49e+07,,20.448453,23.108646,3p5.3d,3P*,2,3p5.4p,3D,3,,T8304,L3490
K,1,474.0914,,474.092019,0.000016,4,8.0e+04,E,1.60995784350,4.22441928,3p6.4p,2P*,1/2,3p6.13s,2S,1/2,,"T1619extrap,LS",L6096
K,1,474.4345,,474.434024,0.000016,6,9.8e+04,C,1.60995784350,4.22253462,3p6.4p,2P*,1/2,3p6.11d,2D,3/2,,T817LS,L6096
K,2,474.492,0.003,474.482,0.003,4,4.28e+05,,20.638075,23.250385,3p5.4s,1P*,1,3p5.4p,3D,1,,T8304,L3490
K,1,475.3934,,475.393077,0.000016,5,1.6e+05,D+,1.6171130092,4.22441928,3p6.4p,2P*,3/2,3p6.13s,2S,1/2,,"T1619extrap,LS",L6096
K,1,,,475.736962,0.000016,,1.9e+04,E,1.6171130092,4.22253462,3p6.4p,2P*,3/2,3p6.11d,2D,3/2,,T817LS,
K,1,475.7389,,475.737719,0.000016,7,1.2e+05,C,1.6171130092,4.22253048,3p6.4p,2P*,3/2,3p6.11d,2D,5/2,,T817LS,L6096
K,1,478.6491,,478.649091,0.000016,5,1.03e+05,C,1.60995784350,4.19952815,3p6.4p,2P*,1/2,3p6.12s,2S,1/2,,"T817,T204,LS",L6096
K,1,479.1049,,479.104132,0.000016,7,1.3e+05,C,1.60995784350,4.19706867,3p6.4p,2P*,1/2,3p6.10d,2D,3/2,,"T817n,T204n,LS",L6096
K,1,479.9754,,479.975316,0.000016,6,2.07e+05,C,1.6171130092,4.19952815,3p6.4p,2P*,3/2,3p6.12s,2S,1/2,,"T817,T204,LS",L6096
K,1,,,480.432883,0.000016,,2.6e+04,C,1.6171130092,4.19706867,3p6.4p,2P*,3/2,3p6.10d,2D,3/2,,"T817n,T204n,LS",
K,1,480.4348,,480.433950,0.000016,8,1.6e+05,C,1.6171130092,4.19706295,3p6.4p,2P*,3/2,3p6.10d,2D,5/2,,"T817n,T204n,LS",L6096
K,2,482.923,0.003,482.924,0.003,9,2.52e+08,,20.147767,22.714413,3p5.4s,3P*,2,3p5.4p,3S,1,,T8304,L3490
K,1,484.9865,,484.986450,0.000017,7,1.871e+05,A+,1.60995784350,4.16569049,3p6.4p,2P*,1/2,3p6.11s,2S,1/2,,T9168,L6096
K,1,485.6090,,485.609209,0.000017,8,2.10e+05,A,1.60995784350,4.16241300,3p6.4p,2P*,1/2,3p6.9d,2D,3/2,,T9168,L6096
K,1,486.3483,,486.348075,0.000017,8,3.698e+05,AA,1.6171130092,4.16569049,3p6.4p,2P*,3/2,3p6.11s,2S,1/2,,T9168,L6096
K,1,,,486.974338,0.000017,,4.38e+04,B+,1.6171130092,4.16241300,3p6.4p,2P*,3/2,3p6.9d,2D,3/2,,T9168,
K,1,486.9757,,486.975897,0.000017,9,2.61e+05,A,1.6171130092,4.16240485,3p6.4p,2P*,3/2,3p6.9d,2D,5/2,,T9168,L6096
K,2,493.875,0.003,493.875,0.003,3,4.29e+07,,24.148675,26.658413,3p5.4p,1S,0,3p5.(2P*<1/2>).5s,2[1/2]*,1,,T8304,L3490
K,1,494.2002,,494.200871,0.000017,8bl,2.69e+05,AA,1.60995784350,4.11803927,3p6.4p,2P*,1/2,3p6.10s,2S,1/2,,T9168,L1792
K,2,494.324,0.003,494.322,0.003,6,1.25e+07,,20.638075,23.145544,3p5.4s,1P*,1,3p5.4p,3D,2,,T8304,L3490
K,1,495.0815,,495.081801,0.000017,9,2.69e+05,B+,1.60995784350,4.11357655,3p6.4p,2P*,1/2,3p6.8d,2D,3/2,,T9168,L6096
K,1,495.61461,,495.614802,0.000017,9,5.322e+05,AA,1.6171130092,4.11803927,3p6.4p,2P*,3/2,3p6.10s,2S,1/2,,T9168,L1792
K,1,,,496.500784,0.000017,,5.56e+04,B+,1.6171130092,4.11357655,3p6.4p,2P*,3/2,3p6.8d,2D,3/2,,T9168,
K,1,496.5031,,496.503213,0.000017,10,3.36e+05,A,1.6171130092,4.11356434,3p6.4p,2P*,3/2,3p6.8d,2D,5/2,,T9168,L6096
K,2,500.560,0.003,500.564,0.004,8,1.11e+08,,20.238213,22.714413,3p5.4s,3P*,1,3p5.4p,3S,1,,T8304,L3490
K,2,505.627,0.003,505.625,0.004,7,3.28e+07,,20.262998,22.714413,3p5.3d,3P*,0,3p5.4p,3S,1,,T8304,L3490
K,1,508.4226,,508.423399,0.000018,10,4.074e+05,AA,1.60995784350,4.04787964,3p6.4p,2P*,1/2,3p6.9s,2S,1/2,,T9168,L6096
K,1,509.7171,,509.717137,0.000018,11,3.39e+05,B+,1.60995784350,4.04169191,3p6.4p,2P*,1/2,3p6.7d,2D,3/2,,T9168,L6096
K,1,509.9200,,509.920005,0.000018,11,8.064e+05,A+,1.6171130092,4.04787964,3p6.4p,2P*,3/2,3p6.9s,2S,1/2,,T9168,L6096
K,1,,,511.221380,0.000018,,7.01e+04,A,1.6171130092,4.04169191,3p6.4p,2P*,3/2,3p6.7d,2D,3/2,,T9168,
K,1,511.2249,,511.225448,0.000018,12,4.22e+05,B+,1.6171130092,4.04167262,3p6.4p,2P*,3/2,3p6.7d,2D,5/2,,T9168,L6096
K,2,531.024,0.003,531.024,0.004,5,1.50e+07,,21.180357,23.514521,3p5.3d,3F*,3,3p5.4p,3P,2,,T8304,L3490
K,1,532.3276,,532.32786,0.00009,12,6.62e+05,A+,1.60995784350,3.9384048,3p6.4p,2P*,1/2,3p6.8s,2S,1/2,,T9168,L6096
K,1,533.9688,,533.96873,0.00009,13,1.311e+06,AA,1.6171130092,3.9384048,3p6.4p,2P*,3/2,3p6.8s,2S,1/2,,T9168,L6096
K,1,534.2970,,534.29693,0.00009,12,3.86e+05,A,1.60995784350,3.9298237,3p6.4p,2P*,1/2,3p6.6d,2D,3/2,,T9168,L6096
K,1,,,535.94998,0.00009,,8.10e+04,A,1.6171130092,3.9298237,3p6.4p,2P*,3/2,3p6.6d,2D,3/2,,T9168,
K,1,535.9574,,535.95761,0.00009,14,4.86e+05,A,1.6171130092,3.9297908,3p6.4p,2P*,3/2,3p6.6d,2D,5/2,,T9168,L6096
K,2,547.013,0.003,547.008,0.004,6,2.07e+07,,20.448453,22.714413,3p5.3d,3P*,2,3p5.4p,3S,1,,T8304,L3490
K,2,548.806,0.003,548.803,0.004,2,2.63e+07,,24.148675,26.407221,3p5.4p,1S,0,3p5.(2P*<3/2>).5s,2[3/2]*,1,,T8304,L3490
K,2,551.269,0.003,551.273,0.004,2,2.06e+06,,21.266092,23.514521,3p5.3d,3F*,2,3p5.4p,3P,2,,T8304,L3490
K,2,553.601,0.003,553.596,0.007,3,2.11e+06,,20.475420,22.714413,3p5.4s,3P*,0,3p5.4p,3S,1,,T8304,L3490
K,2,564.273,0.003,564.276,0.005,5,1.38e+07,,21.266092,23.462708,3p5.3d,3F*,2,3p5.4p,1P,1,,T8304,L12188
K,2,577.232,0.003,577.234,0.005,4,8.32e+06,,21.180357,23.327664,3p5.3d,3F*,3,3p5.4p,1D,2,,T8304,L3490
K,1,578.2384,,578.23999,0.00010,16,1.186e+06,AA,1.60995784350,3.7535285,3p6.4p,2P*,1/2,3p6.7s,2S,1/2,,T9168,L6096
K,1,580.1752,,580.17662,0.00010,17,2.348e+06,AA,1.6171130092,3.7535285,3p6.4p,2P*,3/2,3p6.7s,2S,1/2,,T9168,L6096
K,1,581.2148,,581.21521,0.00010,15,2.86e+05,A,1.60995784350,3.7425557,3p6.4p,2P*,1/2,3p6.5d,2D,3/2,,T9168,L6096
K,1,,,583.17185,0.00010,,6.13e+04,A,1.6171130092,3.7425557,3p6.4p,2P*,3/2,3p6.5d,2D,3/2,,T9168,
K,1,583.1887,,583.18899,0.00010,17,3.71e+05,A,1.6171130092,3.7424933,3p6.4p,2P*,3/2,3p6.5d,2D,5/2,,T9168,L6096
K,2,596.964,0.003,596.964,0.005,2,1.35e+06,,20.638075,22.714413,3p5.4s,1P*,1,3p5.4p,3S,1,,T8304,L3490
K,2,601.241,0.003,601.240,0.005,1,1.19e+06,,21.266092,23.327664,3p5.3d,3F*,2,3p5.4p,1D,2,,T8304,L3490
K,2,612.027,0.003,612.028,0.005,8,1.68e+08,,21.083414,23.108646,3p5.3d,3F*,4,3p5.4p,3D,3,,T8304,L3490
K,2,624.659,0.003,624.655,0.006,6,6.13e+07,,21.266092,23.250385,3p5.3d,3F*,2,3p5.4p,3D,1,,T8304,L3490
K,2,630.729,0.003,630.728,0.006,7,8.91e+07,,21.180357,23.145544,3p5.3d,3F*,3,3p5.4p,3D,2,,T8304,L3490
K,2,642.796,0.003,642.798,0.006,5,1.56e+07,,21.180357,23.108646,3p5.3d,3F*,3,3p5.4p,3D,3,,T8304,L3490
K,2,659.500,0.003,659.501,0.006,2,1.18e+07,,21.266092,23.145544,3p5.3d,3F*,2,3p5.4p,3D,2,,T8304,L3490
K,1,691.1084,,691.10815,0.00014,19,2.500e+06,AA,1.60995784350,3.4034543,3p6.4p,2P*,1/2,3p6.6s,2S,1/2,,T9168,L6096
K,1,693.6284,,693.62861,0.00024,12,1.9e+04,C,1.60995784350,3.3969373,3p6.4p,2P*,1/2,3p6.4d,2D,3/2,,T9168,L6096
K,1,693.8767,,693.87640,0.00014,20,4.956e+06,AA,1.6171130092,3.4034543,3p6.4p,2P*,3/2,3p6.6s,2S,1/2,,T9168,L6096
K,1,696.418,,696.41712,0.00024,7,2.4e+03,D+,1.6171130092,3.3969373,3p6.4p,2P*,3/2,3p6.4d,2D,3/2,,T9168,L6096
K,1,696.4672,,696.46903,0.00024,12,1.37e+04,D+,1.6171130092,3.3968046,3p6.4p,2P*,3/2,3p6.4d,2D,5/2,,T9168,L6096
K,1,,,754.1412,0.0003,,4.9e+03,E,2.6069601,4.2505525,3p6.5s,2S,1/2,3p6.14p,2P*,3/2,,T817,
K,1,,,754.1617,0.0003,,4.9e+03,E,2.6069601,4.2505078,3p6.5s,2S,1/2,3p6.14p,2P*,1/2,,T817,
K,1,,,761.8730,0.0003,,6.5e+03,C,2.6069601,4.2338727,3p6.5s,2S,1/2,3p6.13p,2P*,3/2,,T817,
K,1,,,761.8996,0.0003,,6.5e+03,E,2.6069601,4.2338159,3p6.5s,2S,1/2,3p6.13p,2P*,1/2,,T817,
K,1,766.489913,,766.48991,0.00003,25r,3.779e+07,AAA,0.00000000,1.6171130092,3p6.4s,2S,1/2,3p6.4p,2P*,3/2,,T9745,L8995
K,1,769.896456,,769.89646,0.00003,24r,3.734e+07,AAA,0.00000000,1.60995784350,3p6.4s,2S,1/2,3p6.4p,2P*,1/2,,T9745,L8995
K,1,,,772.2111,0.0003,,8.9e+03,C,2.6069601,4.2120922,3p6.5s,2S,1/2,3p6.12p,2P*,3/2,,T817,
K,1,,,772.2474,0.0003,,8.9e+03,E,2.6069601,4.2120168,3p6.5s,2S,1/2,3p6.12p,2P*,1/2,,T817,
K,1,774.107,,774.122,0.004,a*,,,2.6699600,4.271129,3p6.3d,2D,5/2,3p6.14f,2F*,7/2,,,L2996
K,1,774.107,,774.122,0.004,a*,,,2.6699600,4.271129,3p6.3d,2D,5/2,3p6.14f,2F*,5/2,,,L2996
K,1,774.246,,774.261,0.004,a,,,2.6702462,4.271129,3p6.3d,2D,3/2,3p6.14f,2F*,5/2,,,L2996
K,1,779.517,,779.532,0.004,a*,,,2.6699600,4.260018,3p6.3d,2D,5/2,3p6.13f,2F*,5/2,,,L2996
K,1,779.517,,779.532,0.004,a*,,,2.6699600,4.260018,3p6.3d,2D,5/2,3p6.13f,2F*,7/2,,,L2996
K,1,779.656,,779.672,0.004,a,,,2.6702462,4.260018,3p6.3d,2D,3/2,3p6.13f,2F*,5/2,,,L2996
K,1,786.447,,786.461,0.003,a*,,,2.6699600,4.246009,3p6.3d,2D,5/2,3p6.12f,2F*,5/2,,,L2996
K,1,786.447,,786.461,0.003,a*,,,2.6699600,4.246009,3p6.3d,2D,5/2,3p6.12f,2F*,7/2,,,L2996
K,1,,,786.5176,0.0004,,1.3e+04,C,2.6069601,4.1828956,3p6.5s,2S,1/2,3p6.11p,2P*,3/2,,T817,
K,1,,,786.5689,0.0004,,1.3e+04,C,2.6069601,4.1827927,3p6.5s,2S,1/2,3p6.11p,2P*,1/2,,T817,
K,1,786.587,,786.604,0.003,a,,,2.6702462,4.246009,3p6.3d,2D,3/2,3p6.12f,2F*,5/2,,,L2996
K,1,795.537,,795.536,0.004,5,,,2.6699600,4.228030,3p6.3d,2D,5/2,3p6.11f,2F*,7/2,,,L6096
K,1,795.683,,795.682,0.004,4,,,2.6702462,4.228030,3p6.3d,2D,3/2,3p6.11f,2F*,5/2,,,L6096
K,1,,,803.7580,0.0004,,2.0e+04,C,2.6699600,4.2120922,3p6.3d,2D,5/2,3p6.12p,2P*,3/2,,T817LS,
K,1,,,803.9072,0.0004,,2.3e+03,E,2.6702462,4.2120922,3p6.3d,2D,3/2,3p6.12p,2P*,3/2,,T817LS,
K,1,,,803.9465,0.0004,,2.3e+04,C,2.6702462,4.2120168,3p6.3d,2D,3/2,3p6.12p,2P*,1/2,,T817LS,
K,1,,,807.2163,0.0004,,1.601e+04,B+,2.6069601,4.1424855,3p6.5s,2S,1/2,3p6.10p,2P*,3/2,,T9168,
K,1,,,807.2924,0.0004,,1.456e+04,A,2.6069601,4.1423407,3p6.5s,2S,1/2,3p6.10p,2P*,1/2,,T9168,
K,1,807.811,,807.810,0.004,7,,,2.6699600,4.204356,3p6.3d,2D,5/2,3p6.10f,2F*,7/2,,,L6096
K,1,807.962,,807.961,0.004,6,,,2.6702462,4.204356,3p6.3d,2D,3/2,3p6.10f,2F*,5/2,,,L6096
K,1,,,819.2690,0.0004,,2.8e+04,C,2.6699600,4.1828956,3p6.3d,2D,5/2,3p6.11p,2P*,3/2,,T817LS,
K,1,,,819.4240,0.0004,,3.1e+03,E,2.6702462,4.1828956,3p6.3d,2D,3/2,3p6.11p,2P*,3/2,,T817LS,
K,1,,,819.4798,0.0004,,3.1e+04,C,2.6702462,4.1827927,3p6.3d,2D,3/2,3p6.11p,2P*,1/2,,T817LS,
K,1,825.018,,825.016,0.004,9bl*,9.6e+05,B+,2.6699600,4.172356,3p6.3d,2D,5/2,3p6.9f,2F*,7/2,,T817LS,L6096
K,1,825.018,,825.016,0.004,9bl*,6.4e+04,C+,2.6699600,4.172356,3p6.3d,2D,5/2,3p6.9f,2F*,5/2,,T817LS,L6096
K,1,825.174,,825.174,0.004,8,8.9e+05,C+,2.6702462,4.172356,3p6.3d,2D,3/2,3p6.9f,2F*,5/2,,T817LS,L6096
K,1,839.022,,839.0212,0.0004,3,2.71e+04,B+,2.6069601,4.0842783,3p6.5s,2S,1/2,3p6.9p,2P*,3/2,,T9168,L6096
K,1,,,839.1426,0.0004,m,2.47e+04,B+,2.6069601,4.0840647,3p6.5s,2S,1/2,3p6.9p,2P*,1/2,,T9168,L6096
K,1,841.754,,841.7521,0.0004,2,4.81e+04,A,2.6699600,4.1424855,3p6.3d,2D,5/2,3p6.10p,2P*,3/2,,T9168,L6096
K,1,,,841.9157,0.0004,,5.29e+03,A,2.6702462,4.1424855,3p6.3d,2D,3/2,3p6.10p,2P*,3/2,,T9168,
K,1,842.000,,841.9985,0.0004,1,5.25e+04,A,2.6702462,4.1423407,3p6.3d,2D,3/2,3p6.10p,2P*,1/2,,T9168,L6096
K,1,850.345,,850.344,0.004,11bl*,1.32e+06,B+,2.6699600,4.127608,3p6.3d,2D,5/2,3p6.8f,2F*,7/2,,T8262,L6096
K,1,850.345,,850.344,0.004,11bl*,8.80e+04,B+,2.6699600,4.127608,3p6.3d,2D,5/2,3p6.8f,2F*,5/2,,T8262,L6096
K,1,850.511,,850.511,0.004,10,1.23e+06,B+,2.6702462,4.127608,3p6.3d,2D,3/2,3p6.8f,2F*,5/2,,T8262,L6096
K,1,876.396,,876.3951,0.0004,4,7.13e+04,A,2.6699600,4.0842783,3p6.3d,2D,5/2,3p6.9p,2P*,3/2,,T9168,L6096
K,1,,,876.5724,0.0004,,7.97e+03,A+,2.6702462,4.0842783,3p6.3d,2D,3/2,3p6.9p,2P*,3/2,,T9168,
K,1,876.705,,876.7049,0.0004,3,7.81e+04,A,2.6702462,4.0840647,3p6.3d,2D,3/2,3p6.9p,2P*,1/2,,T9168,L6096
K,1,890.219,,890.218,0.005,13bl*,2.052e+06,AA,2.6699600,4.062317,3p6.3d,2D,5/2,3p6.7f,2F*,7/2,,T9168,L6096
K,1,890.219,,890.218,0.005,13bl*,1.369e+05,AA,2.6699600,4.062317,3p6.3d,2D,5/2,3p6.7f,2F*,5/2,,T9168,L6096
K,1,890.402,,890.401,0.005,12,1.914e+06,AA,2.6702462,4.062317,3p6.3d,2D,3/2,3p6.7f,2F*,5/2,,T9168,L6096
K,1,892.331,,892.329,0.005,5,5.23e+04,A,2.6069601,3.996024,3p6.5s,2S,1/2,3p6.8p,2P*,3/2,,T9168,L6096
K,1,892.544,,892.541,0.005,4,4.77e+04,B+,2.6069601,3.995693,3p6.5s,2S,1/2,3p6.8p,2P*,1/2,,T9168,L6096
K,1,934.724,,934.722,0.005,7,1.135e+05,A+,2.6699600,3.996024,3p6.3d,2D,5/2,3p6.8p,2P*,3/2,,T9168,L6096
K,1,934.925,,934.924,0.005,3,1.266e+04,A+,2.6702462,3.996024,3p6.3d,2D,3/2,3p6.8p,2P*,3/2,,T9168,L6096
K,1,935.159,,935.158,0.005,6,1.244e+05,A+,2.6702462,3.995693,3p6.3d,2D,3/2,3p6.8p,2P*,1/2,,T9168,L6096
K,1,959.570,,959.569,0.006,15bl*,3.449e+06,AA,2.6699600,3.961688,3p6.3d,2D,5/2,3p6.6f,2F*,7/2,,T9168,L6096
K,1,959.570,,959.569,0.006,15bl*,2.294e+05,AA,2.6699600,3.961688,3p6.3d,2D,5/2,3p6.6f,2F*,5/2,,T9168,L6096
K,1,959.783,,959.781,0.006,14,3.207e+06,AA,2.6702462,3.961688,3p6.3d,2D,3/2,3p6.6f,2F*,5/2,,T9168,L6096
K,1,994.967,,994.965,0.006,6,1.24e+05,B+,2.6069601,3.852735,3p6.5s,2S,1/2,3p6.7p,2P*,3/2,,T9168,L6096
K,1,995.414,,995.411,0.006,5,1.15e+05,B+,2.6069601,3.852177,3p6.5s,2S,1/2,3p6.7p,2P*,1/2,,T9168,L6096
K,1,1047.963,,1047.962,0.007,9,1.992e+05,A,2.6699600,3.852735,3p6.3d,2D,5/2,3p6.7p,2P*,3/2,,T9168,L6096
K,1,1048.215,,1048.215,0.007,5,2.205e+04,A+,2.6702462,3.852735,3p6.3d,2D,3/2,3p6.7p,2P*,3/2,,T9168,L6096
K,1,1048.711,,1048.710,0.007,8,2.168e+05,A+,2.6702462,3.852177,3p6.3d,2D,3/2,3p6.7p,2P*,1/2,,T9168,L6096
K,1,,,1066.8459,0.0006,,3.9e+04,C,3.0625810,4.22441928,3p6.5p,2P*,1/2,3p6.13s,2S,1/2,,T817LS,
K,1,,,1068.5793,0.0006,,1.2e+04,C,3.0625810,4.22253462,3p6.5p,2P*,1/2,3p6.11d,2D,3/2,,T817LS,
K,1,,,1068.9857,0.0006,,7.7e+04,C,3.0649066,4.22441928,3p6.5p,2P*,3/2,3p6.13s,2S,1/2,,T817LS,
K,1,,,1070.7260,0.0006,,2.4e+03,C,3.0649066,4.22253462,3p6.5p,2P*,3/2,3p6.11d,2D,3/2,,T817LS,
K,1,,,1070.7298,0.0006,,1.4e+04,C,3.0649066,4.22253048,3p6.5p,2P*,3/2,3p6.11d,2D,5/2,,T817LS,
K,1,,,1090.2024,0.0006,,5.4e+04,C,3.0625810,4.19952815,3p6.5p,2P*,1/2,3p6.12s,2S,1/2,,T817LS,
K,1,,,1092.4370,0.0006,,1.1e+05,C+,3.0649066,4.19952815,3p6.5p,2P*,3/2,3p6.12s,2S,1/2,,T817LS,
K,1,,,1092.5659,0.0006,,1.3e+04,C,3.0625810,4.19706867,3p6.5p,2P*,1/2,3p6.10d,2D,3/2,,T817LS,
K,1,,,1094.8101,0.0006,,2.7e+03,C,3.0649066,4.19706867,3p6.5p,2P*,3/2,3p6.10d,2D,3/2,,T817LS,
K,1,,,1094.8157,0.0006,,1.6e+04,C,3.0649066,4.19706295,3p6.5p,2P*,3/2,3p6.10d,2D,5/2,,T817LS,
K,1,1101.987,,1101.985,0.007,17*,6.538e+06,AA,2.6699600,3.794751,3p6.3d,2D,5/2,3p6.5f,2F*,7/2,,T9168,L6096
K,1,1101.987,,1101.985,0.007,17*,4.360e+05,AA,2.6699600,3.794751,3p6.3d,2D,5/2,3p6.5f,2F*,5/2,,T9168,L6096
K,1,1102.267,,1102.265,0.007,16,6.099e+06,AA,2.6702462,3.794751,3p6.3d,2D,3/2,3p6.5f,2F*,5/2,,T9168,L6096
K,1,,,1123.6442,0.0006,,7.960e+04,A+,3.0625810,4.16569049,3p6.5p,2P*,1/2,3p6.11s,2S,1/2,,T9168,
K,1,,,1126.0181,0.0006,,1.573e+05,A+,3.0649066,4.16569049,3p6.5p,2P*,3/2,3p6.11s,2S,1/2,,T9168,
K,1,,,1126.9927,0.0006,,1.74e+04,B+,3.0625810,4.16241300,3p6.5p,2P*,1/2,3p6.9d,2D,3/2,,T9168,
K,1,,,1129.3808,0.0006,,3.73e+03,B+,3.0649066,4.16241300,3p6.5p,2P*,3/2,3p6.9d,2D,3/2,,T9168,
K,1,,,1129.3891,0.0006,,2.28e+04,B+,3.0649066,4.16240485,3p6.5p,2P*,3/2,3p6.9d,2D,5/2,,T9168,
K,1,1169.0219,,1169.0242,0.0007,17,2.017e+07,AA,1.60995784350,2.6702462,3p6.4p,2P*,1/2,3p6.3d,2D,3/2,,T9168,L1792
K,1,,,1174.3740,0.0007,,1.156e+05,AA,3.0625810,4.11803927,3p6.5p,2P*,1/2,3p6.10s,2S,1/2,,T9168,
K,1,1176.9637,,1176.9667,0.0007,16,3.974e+06,AA,1.6171130092,2.6702462,3p6.4p,2P*,3/2,3p6.3d,2D,3/2,,T9168,L1792
K,1,,,1176.9673,0.0007,,2.288e+05,AA,3.0649066,4.11803927,3p6.5p,2P*,3/2,3p6.10s,2S,1/2,,T9168,
K,1,1177.2838,,1177.2866,0.0007,17,2.383e+07,AA,1.6171130092,2.6699600,3p6.4p,2P*,3/2,3p6.3d,2D,5/2,,T9168,L1792
K,1,,,1179.3606,0.0007,,1.72e+04,B,3.0625810,4.11357655,3p6.5p,2P*,1/2,3p6.8d,2D,3/2,,T9168,
K,1,,,1181.9760,0.0007,,3.8e+03,B,3.0649066,4.11357655,3p6.5p,2P*,3/2,3p6.8d,2D,3/2,,T9168,
K,1,,,1181.9898,0.0007,,2.29e+04,B,3.0649066,4.11356434,3p6.5p,2P*,3/2,3p6.8d,2D,5/2,,T9168,
K,1,1243.2274,,1243.2298,0.0008,56,7.951e+06,AA,1.60995784350,2.6069601,3p6.4p,2P*,1/2,3p6.5s,2S,1/2,,T9168,L1792
K,1,1252.2141,,1252.2165,0.0008,98,1.582e+07,AA,1.6171130092,2.6069601,3p6.4p,2P*,3/2,3p6.5s,2S,1/2,,T9168,L1792
K,1,,,1252.608,0.008,,4.35e+05,B+,2.6069601,3.596498,3p6.5s,2S,1/2,3p6.6p,2P*,3/2,,T9168,
K,1,,,1253.934,0.008,,4.16e+05,A,2.6069601,3.595451,3p6.5s,2S,1/2,3p6.6p,2P*,1/2,,T9168,
K,1,,,1257.9972,0.0008,,1.782e+05,AA,3.0625810,4.04787964,3p6.5p,2P*,1/2,3p6.9s,2S,1/2,,T9168,
K,1,,,1260.9735,0.0008,,3.512e+05,AA,3.0649066,4.04787964,3p6.5p,2P*,3/2,3p6.9s,2S,1/2,,T9168,
K,1,,,1265.9474,0.0008,,1.20e+04,B,3.0625810,4.04169191,3p6.5p,2P*,1/2,3p6.7d,2D,3/2,,T9168,
K,1,,,1268.9615,0.0008,,2.7e+03,B,3.0649066,4.04169191,3p6.5p,2P*,3/2,3p6.7d,2D,3/2,,T9168,
K,1,,,1268.9865,0.0008,,1.67e+04,B,3.0649066,4.04167262,3p6.5p,2P*,3/2,3p6.7d,2D,5/2,,T9168,
K,1,1337.786,,1337.779,0.009,,4.08e+05,A+,2.6699600,3.596498,3p6.3d,2D,5/2,3p6.6p,2P*,3/2,,T9168,L6096
K,1,,,1338.193,0.009,,4.55e+04,A,2.6702462,3.596498,3p6.3d,2D,3/2,3p6.6p,2P*,3/2,,T9168,
K,1,1339.709,,1339.706,0.009,,4.47e+05,A+,2.6702462,3.595451,3p6.3d,2D,3/2,3p6.6p,2P*,1/2,,T9168,L6096
K,1,,,1415.2427,0.0012,,2.970e+05,A+,3.0625810,3.9384048,3p6.5p,2P*,1/2,3p6.8s,2S,1/2,,T9168,
K,1,,,1419.0106,0.0012,,5.87e+05,A+,3.0649066,3.9384048,3p6.5p,2P*,3/2,3p6.8s,2S,1/2,,T9168,
K,1,,,1429.2460,0.0012,,6.9e+02,D,3.0625810,3.9298237,3p6.5p,2P*,1/2,3p6.6d,2D,3/2,,T9168,
K,1,,,1433.0889,0.0012,,2.6e+02,D+,3.0649066,3.9298237,3p6.5p,2P*,3/2,3p6.6d,2D,3/2,,T9168,
K,1,,,1433.1435,0.0012,,1.6e+03,D+,3.0649066,3.9297908,3p6.5p,2P*,3/2,3p6.6d,2D,5/2,,T9168,
K,1,,,1480.7676,0.0013,,2.1e+04,C+,3.3968046,4.2338727,3p6.4d,2D,5/2,3p6.13p,2P*,3/2,,T817LS,
K,1,,,1481.0023,0.0013,,2.3e+03,C,3.3969373,4.2338727,3p6.4d,2D,3/2,3p6.13p,2P*,3/2,,T817LS,
K,1,,,1481.1027,0.0013,,2.3e+04,C,3.3969373,4.2338159,3p6.4d,2D,3/2,3p6.13p,2P*,1/2,,T817LS,
K,1,1516.308,,1516.307,0.012,bl*,1.547e+07,A,2.6699600,3.487409,3p6.3d,2D,5/2,3p6.4f,2F*,7/2,,T9168,L6096
K,1,1516.308,,1516.307,0.012,bl*,1.035e+06,A,2.6699600,3.487409,3p6.3d,2D,5/2,3p6.4f,2F*,5/2,,T9168,L6096
K,1,1516.840,,1516.838,0.012,,1.463e+07,B+,2.6702462,3.487409,3p6.3d,2D,3/2,3p6.4f,2F*,5/2,,T9168,L6096
K,1,,,1520.3264,0.0013,,2.7e+04,C+,3.3968046,4.2120922,3p6.4d,2D,5/2,3p6.12p,2P*,3/2,,T817LS,
K,1,,,1520.5739,0.0013,,3.0e+03,C,3.3969373,4.2120922,3p6.4d,2D,3/2,3p6.12p,2P*,3/2,,T817LS,
K,1,,,1520.7146,0.0013,,3.2e+04,C+,3.3969373,4.2120168,3p6.4d,2D,3/2,3p6.12p,2P*,1/2,,T817LS,
K,1,,,1576.7937,0.0014,,3.7e+04,C+,3.3968046,4.1828956,3p6.4d,2D,5/2,3p6.11p,2P*,3/2,,T817LS,
K,1,,,1577.0599,0.0014,,4.3e+03,C,3.3969373,4.1828956,3p6.4d,2D,3/2,3p6.11p,2P*,3/2,,T817LS,
K,1,,,1577.2665,0.0014,,4.1e+04,C+,3.3969373,4.1827927,3p6.4d,2D,3/2,3p6.11p,2P*,1/2,,T817LS,
K,1,,,1598.222,0.015,,4.3e+05,B+,3.3968046,4.172356,3p6.4d,2D,5/2,3p6.9f,2F*,7/2,,T817,
K,1,,,1598.222,0.015,,2.9e+04,C+,3.3968046,4.172356,3p6.4d,2D,5/2,3p6.9f,2F*,5/2,,T817,
K,1,,,1598.496,0.015,,4.0e+05,B+,3.3969373,4.172356,3p6.4d,2D,3/2,3p6.9f,2F*,5/2,,T817,
K,1,,,1662.2439,0.0016,,5.4e+04,C+,3.3968046,4.1424855,3p6.4d,2D,5/2,3p6.10p,2P*,3/2,,T817LS,
K,1,,,1662.5396,0.0016,,6.1e+03,C,3.3969373,4.1424855,3p6.4d,2D,3/2,3p6.10p,2P*,3/2,,T817LS,
K,1,,,1662.8626,0.0016,,6.0e+04,C+,3.3969373,4.1423407,3p6.4d,2D,3/2,3p6.10p,2P*,1/2,,T817LS,
K,1,,,1696.084,0.017,,5.786e+05,A+,3.3968046,4.127608,3p6.4d,2D,5/2,3p6.8f,2F*,7/2,,T8262,
K,1,,,1696.084,0.017,,3.850e+04,A+,3.3968046,4.127608,3p6.4d,2D,5/2,3p6.8f,2F*,5/2,,T8262,
K,1,,,1696.392,0.017,,5.390e+05,A+,3.3969373,4.127608,3p6.4d,2D,3/2,3p6.8f,2F*,5/2,,T8262,
K,1,,,1793.9187,0.0019,,5.687e+05,AA,3.0625810,3.7535285,3p6.5p,2P*,1/2,3p6.7s,2S,1/2,,T9168,
K,1,,,1799.9770,0.0019,,1.120e+06,AA,3.0649066,3.7535285,3p6.5p,2P*,3/2,3p6.7s,2S,1/2,,T9168,
K,1,,,1802.9832,0.0019,,8.3e+04,C+,3.3968046,4.0842783,3p6.4d,2D,5/2,3p6.9p,2P*,3/2,,T817LS,
K,1,,,1803.3312,0.0019,,9.5e+03,C+,3.3969373,4.0842783,3p6.4d,2D,3/2,3p6.9p,2P*,3/2,,T817LS,
K,1,,,1803.8919,0.0019,,9.1e+04,C+,3.3969373,4.0840647,3p6.4d,2D,3/2,3p6.9p,2P*,1/2,,T817LS,
K,1,,,1822.8672,0.0019,,7.24e+04,B,3.0625810,3.7425557,3p6.5p,2P*,1/2,3p6.5d,2D,3/2,,T9168,
K,1,,,1829.1229,0.0019,,1.31e+04,B,3.0649066,3.7425557,3p6.5p,2P*,3/2,3p6.5d,2D,3/2,,T9168,
K,1,,,1829.2915,0.0019,,7.8e+04,B+,3.0649066,3.7424933,3p6.5p,2P*,3/2,3p6.5d,2D,5/2,,T9168,
K,1,,,1862.479,0.021,,8.5e+05,A,3.3968046,4.062317,3p6.4d,2D,5/2,3p6.7f,2F*,7/2,,T8262,
K,1,,,1862.479,0.021,,5.70e+04,B+,3.3968046,4.062317,3p6.4d,2D,5/2,3p6.7f,2F*,5/2,,T8262,
K,1,,,1862.850,0.021,,8.00e+05,A,3.3969373,4.062317,3p6.4d,2D,3/2,3p6.7f,2F*,5/2,,T8262,
element,sp_num,obs_wl_vac(nm),unc_obs_wl,ritz_wl_vac(nm),unc_ritz_wl,intens,Aki(s^-1),Acc,Ei(eV),Ek(eV),conf_i,term_i,J_i,conf_k,term_k,J_k,Type,tp_ref,line_ref
K,1,,,2069.09,0.03,,1.4e+05,B+,3.3968046,3.996024,3p6.4d,2D,5/2,3p6.8p,2P*,3/2,,T817LS,
K,1,,,2069.55,0.03,,1.5e+04,C+,3.3969373,3.996024,3p6.4d,2D,3/2,3p6.8p,2P*,3/2,,T817LS,
K,1,,,2070.70,0.03,,1.5e+05,C+,3.3969373,3.995693,3p6.4d,2D,3/2,3p6.8p,2P*,1/2,,T817LS,
K,1,,,2194.86,0.03,,1.32e+06,B+,3.3968046,3.961688,3p6.4d,2D,5/2,3p6.6f,2F*,7/2,,T8262,
K,1,,,2194.86,0.03,,8.80e+04,B+,3.3968046,3.961688,3p6.4d,2D,5/2,3p6.6f,2F*,5/2,,T8262,
K,1,,,2195.38,0.03,,1.23e+06,B+,3.3969373,3.961688,3p6.4d,2D,3/2,3p6.6f,2F*,5/2,,T8262,
K,1,2707.397,,2707.395,0.005,59,4.58e+06,AA,2.6069601,3.0649066,3p6.5s,2S,1/2,3p6.5p,2P*,3/2,,T9168,L1792
K,1,,,2719.37,0.04,,2.5e+05,B+,3.3968046,3.852735,3p6.4d,2D,5/2,3p6.7p,2P*,3/2,,T817LS,
K,1,,,2720.16,0.04,,2.8e+04,C+,3.3969373,3.852735,3p6.4d,2D,3/2,3p6.7p,2P*,3/2,,T817LS,
K,1,2721.216,,2721.214,0.005,36,4.53e+06,AA,2.6069601,3.0625810,3p6.5s,2S,1/2,3p6.5p,2P*,1/2,,T9168,L1792
K,1,,,2723.49,0.04,,2.9e+05,B+,3.3969373,3.852177,3p6.4d,2D,3/2,3p6.7p,2P*,1/2,,T817LS,
K,1,,,3115.60,0.06,,1.99e+06,C+,3.3968046,3.794751,3p6.4d,2D,5/2,3p6.5f,2F*,7/2,,T8262,
K,1,,,3115.60,0.06,,1.33e+05,C+,3.3968046,3.794751,3p6.4d,2D,5/2,3p6.5f,2F*,5/2,,T8262,
K,1,,,3116.64,0.06,,1.86e+06,C+,3.3969373,3.794751,3p6.4d,2D,3/2,3p6.5f,2F*,5/2,,T8262,
K,1,3139.263,,3139.265,0.007,33,1.50e+06,A,2.6699600,3.0649066,3p6.3d,2D,5/2,3p6.5p,2P*,3/2,,T9168,L1792
K,1,3141.539,,3141.541,0.007,7,1.66e+05,B+,2.6702462,3.0649066,3p6.3d,2D,3/2,3p6.5p,2P*,3/2,,T9168,L1792
K,1,3160.161,,3160.163,0.007,22,1.65e+06,A,2.6702462,3.0625810,3p6.3d,2D,3/2,3p6.5p,2P*,1/2,,T9168,L1792
K,1,3637.278,,3637.252,0.008,4,1.627e+06,AA,3.0625810,3.4034543,3p6.5p,2P*,1/2,3p6.6s,2S,1/2,,T9168,L1792
K,1,3662.260,,3662.237,0.008,7,4.955e+06,AAA,3.0649066,3.4034543,3p6.5p,2P*,3/2,3p6.6s,2S,1/2,,T9168,L1792
K,1,3708.147,,3708.147,0.010,3,2.885e+06,AA,3.0625810,3.3969373,3p6.5p,2P*,1/2,3p6.4d,2D,3/2,,T9168,L1792
K,1,3734.119,,3734.119,0.010,1,5.68e+05,AA,3.0649066,3.3969373,3p6.5p,2P*,3/2,3p6.4d,2D,3/2,,T9168,L1792
K,1,3735.611,,3735.611,0.010,5,3.406e+06,AA,3.0649066,3.3968046,3p6.5p,2P*,3/2,3p6.4d,2D,5/2,,T9168,L1792
K,1,4016.932,,4016.94,0.08,*,,,3.487409,3.7960626,3p6.4f,2F*,5/2,3p6.5g,2G,7/2,,,L873
K,1,4016.932,,4016.94,0.08,*,,,3.487409,3.7960626,3p6.4f,2F*,7/2,3p6.5g,2G,9/2,,,L873
K,1,,,6208.74,0.19,,7.8e+05,B+,3.3968046,3.596498,3p6.4d,2D,5/2,3p6.6p,2P*,3/2,,T817LS,
K,1,,,6212.87,0.19,,8.7e+04,B+,3.3969373,3.596498,3p6.4d,2D,3/2,3p6.6p,2P*,3/2,,T817LS,
K,1,,,6245.62,0.20,,8.3e+05,B+,3.3969373,3.595451,3p6.4d,2D,3/2,3p6.6p,2P*,1/2,,T817LS,
K,19,,,6503.5,0.3,,,,(3698.69614),(3698.88679),2p,2P*,1/2,2s,2S,1/2,,,
K,1,,,13684.1,0.9,,8.9e+04,B+,3.3968046,3.487409,3p6.4d,2D,5/2,3p6.4f,2F*,7/2,,T817,
K,1,,,13684.1,0.9,,5.9e+03,B+,3.3968046,3.487409,3p6.4d,2D,5/2,3p6.4f,2F*,5/2,,T817,
K,1,,,13704.2,0.9,,8.3e+04,B+,3.3969373,3.487409,3p6.4d,2D,3/2,3p6.4f,2F*,5/2,,T817,
